system:index,chirps_rain_mm,district,evi,flood_fraction,ndvi,ndwi,year,.geo
0_0,657.7325687924821,Anantapur,0.2194424684116407,0.0,0.33917616617693297,-0.048110389900423885,2000.0,"{""type"":""MultiPoint"",""coordinates"":[]}"
0_1,594.4997059021424,Anantapur,0.2041610327624551,0.0,0.3242247373251764,-0.07871826946759508,2001.0,"{""type"":""MultiPoint"",""coordinates"":[]}"
0_2,494.8606328620489,Anantapur,0.19329436213957066,0.0,0.3080185308646199,-0.07566399765114468,2002.0,"{""type"":""MultiPoint"",""coordinates"":[]}"
0_3,344.0915807960678,Anantapur,0.17322005871935328,0.0,0.26949991508604837,-0.10254609195316702,2003.0,"{""type"":""MultiPoint"",""coordinates"":[]}"
0_4,520.4147854550317,Anantapur,0.2030580738941083,0.0,0.31225769155548844,-0.07623932482371554,2004.0,"{""type"":""MultiPoint"",""coordinates"":[]}"
0_5,835.3258729084804,Anantapur,0.2117551851033832,0.0,0.33005771500844994,-0.06833434126453956,2005.0,"{""type"":""MultiPoint"",""coordinates"":[]}"
0_6,511.0322295054089,Anantapur,0.20619711859407777,0.0,0.32201922184266923,-0.07312889693085223,2006.0,"{""type"":""MultiPoint"",""coordinates"":[]}"
0_7,768.0206495789356,Anantapur,0.22561296492647268,0.0,0.3495779779277917,-0.04377226208316576,2007.0,"{""type"":""MultiPoint"",""coordinates"":[]}"
0_8,514.5431231378827,Anantapur,0.22223021501522536,0.0,0.3536267974206033,-0.05085416538981265,2008.0,"{""type"":""MultiPoint"",""coordinates"":[]}"
0_9,599.8821811810224,Anantapur,0.21579252095522788,0.0,0.3347500116643768,-0.06574305408628416,2009.0,"{""type"":""MultiPoint"",""coordinates"":[]}"
0_10,753.5632562581337,Anantapur,0.23940572767192145,0.0,0.3715146154978806,-0.03418172236173533,2010.0,"{""type"":""MultiPoint"",""coordinates"":[]}"
0_11,457.35507735752356,Anantapur,0.21594395678015363,0.0,0.34125100642229533,-0.05423600408525889,2011.0,"{""type"":""MultiPoint"",""coordinates"":[]}"
0_12,469.28312821395394,Anantapur,0.19741038392624077,0.0,0.31152383895978636,-0.08569370150528755,2012.0,"{""type"":""MultiPoint"",""coordinates"":[]}"
0_13,594.0719055877047,Anantapur,0.1938588025845456,0.0,0.3067416472448585,-0.07135314482423882,2013.0,"{""type"":""MultiPoint"",""coordinates"":[]}"
0_14,531.8181326967086,Anantapur,0.194430920162367,0.0,0.30036809735384673,-0.08494768445175561,2014.0,"{""type"":""MultiPoint"",""coordinates"":[]}"
0_15,545.7578576350396,Anantapur,0.21352362594094143,0.0,0.32766618794167596,-0.06279399137180774,2015.0,"{""type"":""MultiPoint"",""coordinates"":[]}"
0_16,402.8426153227646,Anantapur,0.21724143182087127,0.0,0.335472561411306,-0.05998256719029975,2016.0,"{""type"":""MultiPoint"",""coordinates"":[]}"
0_17,690.972429381041,Anantapur,0.2158390216760933,0.0,0.33512974303140963,-0.06156334651789174,2017.0,"{""type"":""MultiPoint"",""coordinates"":[]}"
0_18,349.9140285890727,Anantapur,0.20116542526307504,0.0,0.3138258593924322,-0.06449586122391972,2018.0,"{""type"":""MultiPoint"",""coordinates"":[]}"
0_19,572.8547715559912,Anantapur,0.22415072779838957,0.0,0.34349262515548834,-0.05121921858510887,2019.0,"{""type"":""MultiPoint"",""coordinates"":[]}"
0_20,736.9444108804132,Anantapur,0.2725137192830557,0.0,0.4185456813689762,-0.0070812685138197965,2020.0,"{""type"":""MultiPoint"",""coordinates"":[]}"
0_21,648.2030642807376,Anantapur,0.27006316419196663,0.0,0.4258070017651263,-0.001607823949904702,2021.0,"{""type"":""MultiPoint"",""coordinates"":[]}"
0_22,681.5203470573235,Anantapur,0.26409644278290123,0.0,0.42439392437283324,0.0011780008963804256,2022.0,"{""type"":""MultiPoint"",""coordinates"":[]}"
0_23,427.9052272028096,Anantapur,0.24896957993790494,0.0,0.38916642454898703,-0.02005601350939332,2023.0,"{""type"":""MultiPoint"",""coordinates"":[]}"
0_24,665.5357514866023,Anantapur,0.25799648981303575,0.0,0.4012534498212747,0.0015399737480904967,2024.0,"{""type"":""MultiPoint"",""coordinates"":[]}"
1_0,1192.3098215378366,Chittoor,0.30535527831705556,0.0,0.48176419928395947,0.03319311752613559,2000.0,"{""type"":""MultiPoint"",""coordinates"":[]}"
1_1,1060.409669340193,Chittoor,0.300355629273476,0.0,0.4739437208330901,0.03437182830755639,2001.0,"{""type"":""MultiPoint"",""coordinates"":[]}"
1_2,862.70175171426,Chittoor,0.28918025329389724,0.0,0.4592415552716246,0.011968396995469826,2002.0,"{""type"":""MultiPoint"",""coordinates"":[]}"
1_3,853.7231595984023,Chittoor,0.29760714349836176,0.0,0.45963004996925005,0.01619374895834357,2003.0,"{""type"":""MultiPoint"",""coordinates"":[]}"
1_4,1133.2018793436923,Chittoor,0.3058174029898371,0.0,0.4794783035113255,0.020093900046060466,2004.0,"{""type"":""MultiPoint"",""coordinates"":[]}"
1_5,1393.8592600581342,Chittoor,0.30989909549906264,0.0,0.4828100971658419,0.02272278860245601,2005.0,"{""type"":""MultiPoint"",""coordinates"":[]}"
1_6,881.5772149749534,Chittoor,0.31981848197520674,0.0,0.5040393128142814,0.04566270657921579,2006.0,"{""type"":""MultiPoint"",""coordinates"":[]}"
1_7,1433.2503225388045,Chittoor,0.3084806431026888,0.0,0.4926548073841881,0.04381029035908282,2007.0,"{""type"":""MultiPoint"",""coordinates"":[]}"
1_8,1138.2005343728995,Chittoor,0.31810979866166805,0.0,0.5095191404820714,0.04639362727127469,2008.0,"{""type"":""MultiPoint"",""coordinates"":[]}"
1_9,921.0482663564972,Chittoor,0.3023554711068323,0.0,0.4711165382038533,0.020623331580468644,2009.0,"{""type"":""MultiPoint"",""coordinates"":[]}"
1_10,1565.4413168543635,Chittoor,0.3371121977743261,0.0,0.5289701576166571,0.069824901661892,2010.0,"{""type"":""MultiPoint"",""coordinates"":[]}"
1_11,1267.2546196420687,Chittoor,0.3424904040720836,0.0,0.5342754260238273,0.07056104133226099,2011.0,"{""type"":""MultiPoint"",""coordinates"":[]}"
1_12,1136.7262066594617,Chittoor,0.32737313437449017,0.0,0.5189220373441,0.054320094444823455,2012.0,"{""type"":""MultiPoint"",""coordinates"":[]}"
1_13,1056.342489637868,Chittoor,0.3254361490723175,0.0,0.5190138723930743,0.05697164577632234,2013.0,"{""type"":""MultiPoint"",""coordinates"":[]}"
1_14,932.1738267985742,Chittoor,0.3171826769855092,0.0,0.4860478720171735,0.027539264661170997,2014.0,"{""type"":""MultiPoint"",""coordinates"":[]}"
1_15,1211.0151316060972,Chittoor,0.3260846918119701,0.0,0.5118814919799672,0.0446020346485835,2015.0,"{""type"":""MultiPoint"",""coordinates"":[]}"
1_16,760.8271865562119,Chittoor,0.31652383563032266,0.0,0.5107243564245947,0.052489839229338545,2016.0,"{""type"":""MultiPoint"",""coordinates"":[]}"
1_17,1191.5045792839019,Chittoor,0.3321065915912029,0.0,0.5322048767120612,0.05617835564621417,2017.0,"{""type"":""MultiPoint"",""coordinates"":[]}"
1_18,863.9645920261698,Chittoor,0.32815538138172146,0.0,0.5196120305169926,0.05310429621443496,2018.0,"{""type"":""MultiPoint"",""coordinates"":[]}"
1_19,1051.6632601196147,Chittoor,0.33119215117772177,0.0,0.5134742114962676,0.04226499593976526,2019.0,"{""type"":""MultiPoint"",""coordinates"":[]}"
1_20,1347.6262562092109,Chittoor,0.35562699405423465,0.0,0.5633773139328919,0.08053141709961034,2020.0,"{""type"":""MultiPoint"",""coordinates"":[]}"
1_21,1456.9215373973243,Chittoor,0.36734089692384664,0.0,0.5852130236067047,0.10930830668813614,2021.0,"{""type"":""MultiPoint"",""coordinates"":[]}"
1_22,1372.4310992669855,Chittoor,0.3596897101001661,0.0,0.5901177213003501,0.10118284105236018,2022.0,"{""type"":""MultiPoint"",""coordinates"":[]}"
1_23,1258.3515705779093,Chittoor,0.35665544491428136,0.0,0.5850707622270918,0.09889966060220405,2023.0,"{""type"":""MultiPoint"",""coordinates"":[]}"
1_24,1302.9817873999207,Chittoor,0.3618282317744166,0.0,0.5876234861955599,0.11266241507257312,2024.0,"{""type"":""MultiPoint"",""coordinates"":[]}"
2_0,1376.9303720041787,East Godavari,0.37807320918862336,0.0,0.6162628061242925,0.1339872596076824,2000.0,"{""type"":""MultiPoint"",""coordinates"":[]}"
2_1,1349.5584401698109,East Godavari,0.37873922424553513,0.0,0.6095521897978186,0.12610779691086027,2001.0,"{""type"":""MultiPoint"",""coordinates"":[]}"
2_2,1000.8615725516618,East Godavari,0.35272927497748946,0.0,0.582484708851871,0.08396294970666093,2002.0,"{""type"":""MultiPoint"",""coordinates"":[]}"
2_3,1400.4258005776467,East Godavari,0.36361580232996615,0.0,0.583340389579923,0.09137753963220978,2003.0,"{""type"":""MultiPoint"",""coordinates"":[]}"
2_4,1197.691443740937,East Godavari,0.3944891469095231,0.0,0.6219139070239852,0.12864779933930517,2004.0,"{""type"":""MultiPoint"",""coordinates"":[]}"
2_5,1651.3209520910175,East Godavari,0.3712924916381429,0.0,0.5927091738096832,0.11165334380819764,2005.0,"{""type"":""MultiPoint"",""coordinates"":[]}"
2_6,1574.2224965035832,East Godavari,0.3887305178959924,0.0,0.6205860388102258,0.1394679207571681,2006.0,"{""type"":""MultiPoint"",""coordinates"":[]}"
2_7,1539.9436182785441,East Godavari,0.38941530644844347,0.0,0.6304965713945809,0.13497551632712515,2007.0,"{""type"":""MultiPoint"",""coordinates"":[]}"
2_8,1353.8683885259934,East Godavari,0.3891472173506422,0.0,0.6295020595760213,0.15420481129843489,2008.0,"{""type"":""MultiPoint"",""coordinates"":[]}"
2_9,1070.4295650503566,East Godavari,0.36677666692226235,0.0,0.5894590958974666,0.10828638096195466,2009.0,"{""type"":""MultiPoint"",""coordinates"":[]}"
2_10,2114.1993108823067,East Godavari,0.39778796574114555,0.0,0.6179601723140222,0.1351831282595735,2010.0,"{""type"":""MultiPoint"",""coordinates"":[]}"
2_11,1085.6781765941566,East Godavari,0.4032839049012419,0.0,0.6445394593614341,0.15075869589736143,2011.0,"{""type"":""MultiPoint"",""coordinates"":[]}"
2_12,1666.4307458314559,East Godavari,0.380865445443443,0.0,0.6152552047676227,0.12794928629918967,2012.0,"{""type"":""MultiPoint"",""coordinates"":[]}"
2_13,1575.035586178666,East Godavari,0.4164246275934144,0.0,0.6558590675196283,0.1536105911118831,2013.0,"{""type"":""MultiPoint"",""coordinates"":[]}"
2_14,1301.5766886361903,East Godavari,0.40488391474837127,0.0,0.6414572843467634,0.14055674053615397,2014.0,"{""type"":""MultiPoint"",""coordinates"":[]}"
2_15,1272.5486451380991,East Godavari,0.39588424869201594,0.0,0.6402066170934011,0.14390995715357152,2015.0,"{""type"":""MultiPoint"",""coordinates"":[]}"
2_16,1287.430463668749,East Godavari,0.3808519079926164,0.0,0.6212809634390806,0.12294260833669601,2016.0,"{""type"":""MultiPoint"",""coordinates"":[]}"
2_17,1281.6524047674982,East Godavari,0.40477844157154874,0.0,0.642702352762032,0.13872131571377264,2017.0,"{""type"":""MultiPoint"",""coordinates"":[]}"
2_18,1409.7291131037111,East Godavari,0.3972159930973283,0.0,0.6356352994861884,0.14718727287982208,2018.0,"{""type"":""MultiPoint"",""coordinates"":[]}"
2_19,1379.427930731133,East Godavari,0.41155402160531357,0.0,0.6510115118395003,0.14296218574089162,2019.0,"{""type"":""MultiPoint"",""coordinates"":[]}"
2_20,1610.3940129773819,East Godavari,0.44383785229663136,0.0,0.6878066798956834,0.16528702143935073,2020.0,"{""type"":""MultiPoint"",""coordinates"":[]}"
2_21,1619.5000858026808,East Godavari,0.4270850416653862,0.0,0.6901362272084637,0.1690388362598141,2021.0,"{""type"":""MultiPoint"",""coordinates"":[]}"
2_22,1370.5586485906274,East Godavari,0.4300115162395195,5.112797331721292E-4,0.6884579377327292,0.20104306252158463,2022.0,"{""type"":""MultiPoint"",""coordinates"":[]}"
2_23,1101.6971144236943,East Godavari,0.43716602745594924,0.0,0.6810117094453737,0.18545549430114744,2023.0,"{""type"":""MultiPoint"",""coordinates"":[]}"
2_24,1463.4500484023295,East Godavari,0.43635304155168425,8.521328886202154E-5,0.680305594505927,0.1830815756914045,2024.0,"{""type"":""MultiPoint"",""coordinates"":[]}"
3_0,1143.6222266186778,Guntur,0.29340869412603443,0.0,0.5012905999264488,0.1026709706723794,2000.0,"{""type"":""MultiPoint"",""coordinates"":[]}"
3_1,961.0537239850182,Guntur,0.3011790152137447,0.0,0.5011971040601507,0.10112910919951985,2001.0,"{""type"":""MultiPoint"",""coordinates"":[]}"
3_2,984.9417980297218,Guntur,0.28279660306730664,0.0,0.4727694013338297,0.05822339618329102,2002.0,"{""type"":""MultiPoint"",""coordinates"":[]}"
3_3,942.4785281320212,Guntur,0.2852869345148875,0.0,0.4786633814204905,0.10408125233115148,2003.0,"{""type"":""MultiPoint"",""coordinates"":[]}"
3_4,913.1278199575266,Guntur,0.31277847770907874,0.0,0.514377650025611,0.0987742022271,2004.0,"{""type"":""MultiPoint"",""coordinates"":[]}"
3_5,1299.7640677783775,Guntur,0.30668646353590434,0.0,0.4949214996152755,0.0874982220296099,2005.0,"{""type"":""MultiPoint"",""coordinates"":[]}"
3_6,1164.0887859571926,Guntur,0.3121238283054798,0.0,0.5225033835894644,0.10848003077030731,2006.0,"{""type"":""MultiPoint"",""coordinates"":[]}"
3_7,1233.6419696120765,Guntur,0.3218314488012159,0.0,0.5212228342741927,0.10507102085970031,2007.0,"{""type"":""MultiPoint"",""coordinates"":[]}"
3_8,986.3627616171998,Guntur,0.3193885711609714,0.0,0.5224988706318583,0.11525337377532116,2008.0,"{""type"":""MultiPoint"",""coordinates"":[]}"
3_9,791.0851541144343,Guntur,0.3008527564353342,0.0,0.48811828389728873,0.0853613036177256,2009.0,"{""type"":""MultiPoint"",""coordinates"":[]}"
3_10,1612.1995423334895,Guntur,0.3316739613008288,0.0,0.5330074749077854,0.12322243611882491,2010.0,"{""type"":""MultiPoint"",""coordinates"":[]}"
3_11,761.840887767493,Guntur,0.31824196822810447,0.0,0.515995967129725,0.10814823432322786,2011.0,"{""type"":""MultiPoint"",""coordinates"":[]}"
3_12,1205.776327032957,Guntur,0.33000834025702436,0.0,0.5259411752303077,0.1096067777929425,2012.0,"{""type"":""MultiPoint"",""coordinates"":[]}"
3_13,1114.940696205974,Guntur,0.32373960385512945,0.0,0.5293173519663494,0.11007992116852065,2013.0,"{""type"":""MultiPoint"",""coordinates"":[]}"
3_14,813.0817489064614,Guntur,0.3300690893532474,0.0,0.5219730735672335,0.10258936207961267,2014.0,"{""type"":""MultiPoint"",""coordinates"":[]}"
3_15,838.1694399760978,Guntur,0.3210165710009867,0.0,0.5197269528615455,0.09179734886727713,2015.0,"{""type"":""MultiPoint"",""coordinates"":[]}"
3_16,861.6815113017977,Guntur,0.29464785893283774,0.0,0.48292678157303565,0.07539895490318817,2016.0,"{""type"":""MultiPoint"",""coordinates"":[]}"
3_17,954.3874654402083,Guntur,0.32987276242690367,0.0,0.5208105458220567,0.10099761285068262,2017.0,"{""type"":""MultiPoint"",""coordinates"":[]}"
3_18,925.8471191936014,Guntur,0.2995980081282783,0.0,0.48106616762321164,0.07674181776394773,2018.0,"{""type"":""MultiPoint"",""coordinates"":[]}"
3_19,1014.1105004072231,Guntur,0.32233634063480293,0.0,0.5091829755981374,0.09171784383872278,2019.0,"{""type"":""MultiPoint"",""coordinates"":[]}"
3_20,1591.8758743339451,Guntur,0.3300877011847356,0.0,0.5304361737604247,0.10625866476278333,2020.0,"{""type"":""MultiPoint"",""coordinates"":[]}"
3_21,1233.2126263953605,Guntur,0.3274467494843089,0.0,0.5288863829163668,0.11122448155754948,2021.0,"{""type"":""MultiPoint"",""coordinates"":[]}"
3_22,1272.0639378363928,Guntur,0.32327157156339553,0.0,0.5250910387058932,0.11594664841692308,2022.0,"{""type"":""MultiPoint"",""coordinates"":[]}"
3_23,970.8034386457481,Guntur,0.3342739154005722,0.0,0.5308653354023751,0.12460602256642685,2023.0,"{""type"":""MultiPoint"",""coordinates"":[]}"
3_24,1271.396147936547,Guntur,0.3217030020470824,0.0,0.5160689034107141,0.11926515806137769,2024.0,"{""type"":""MultiPoint"",""coordinates"":[]}"
4_0,1254.146175081963,Krishna,0.3009667615154025,0.0,0.5122777663116513,0.09941331561238152,2000.0,"{""type"":""MultiPoint"",""coordinates"":[]}"
4_1,1019.7385098103578,Krishna,0.30506503916928573,0.0,0.5042216493247115,0.0911954701190794,2001.0,"{""type"":""MultiPoint"",""coordinates"":[]}"
4_2,949.5216817083718,Krishna,0.30445687545245287,0.0,0.5046487787925228,0.07650787461834355,2002.0,"{""type"":""MultiPoint"",""coordinates"":[]}"
4_3,999.7282887952219,Krishna,0.3018679377613478,0.0,0.5015535166453247,0.10046635362459064,2003.0,"{""type"":""MultiPoint"",""coordinates"":[]}"
4_4,963.3583697884635,Krishna,0.3194419954300635,0.0,0.5221052735250601,0.09035596328201076,2004.0,"{""type"":""MultiPoint"",""coordinates"":[]}"
4_5,1333.948662131334,Krishna,0.3171655411061625,0.0,0.5088916489041374,0.09306947698922306,2005.0,"{""type"":""MultiPoint"",""coordinates"":[]}"
4_6,1228.9435984833544,Krishna,0.32068643880070213,0.0,0.5329211763582066,0.11079473227425843,2006.0,"{""type"":""MultiPoint"",""coordinates"":[]}"
4_7,1318.0667215860722,Krishna,0.33185323724341664,0.0,0.5349143859600848,0.1085857722788168,2007.0,"{""type"":""MultiPoint"",""coordinates"":[]}"
4_8,1050.3957196947263,Krishna,0.32425248419269126,0.0,0.5354919506098766,0.11656232712661531,2008.0,"{""type"":""MultiPoint"",""coordinates"":[]}"
4_9,843.3929474969145,Krishna,0.30614426471627776,0.0,0.5014509840642813,0.08800291165882314,2009.0,"{""type"":""MultiPoint"",""coordinates"":[]}"
4_10,1720.2538418523825,Krishna,0.3393968400929371,0.0,0.5487878060457028,0.13030218950724864,2010.0,"{""type"":""MultiPoint"",""coordinates"":[]}"
4_11,801.1289581208237,Krishna,0.3352938049038894,0.0,0.5419810598861229,0.12062488145928871,2011.0,"{""type"":""MultiPoint"",""coordinates"":[]}"
4_12,1348.8872792073205,Krishna,0.33452117129118664,0.0,0.5369959785207622,0.11449048165467195,2012.0,"{""type"":""MultiPoint"",""coordinates"":[]}"
4_13,1214.1913169261109,Krishna,0.344216095502903,0.0,0.557086383298391,0.12130666217727075,2013.0,"{""type"":""MultiPoint"",""coordinates"":[]}"
4_14,866.7159034863581,Krishna,0.34124567915278503,0.0,0.5510531845598419,0.11296492709080372,2014.0,"{""type"":""MultiPoint"",""coordinates"":[]}"
4_15,892.6320111489315,Krishna,0.327734009416826,0.0,0.5349979230479791,0.10203136322318408,2015.0,"{""type"":""MultiPoint"",""coordinates"":[]}"
4_16,933.225003445411,Krishna,0.32313640814132316,0.0,0.5241244628848136,0.0909135646057148,2016.0,"{""type"":""MultiPoint"",""coordinates"":[]}"
4_17,1026.745292930278,Krishna,0.3393650974903379,0.0,0.5399461987627079,0.09989867801369491,2017.0,"{""type"":""MultiPoint"",""coordinates"":[]}"
4_18,1065.399187520696,Krishna,0.3171819809538247,0.0,0.5128932133825669,0.09426332116056904,2018.0,"{""type"":""MultiPoint"",""coordinates"":[]}"
4_19,1041.9878980413826,Krishna,0.3436243084917405,0.0,0.543417643438019,0.10708058249351346,2019.0,"{""type"":""MultiPoint"",""coordinates"":[]}"
4_20,1581.749358153326,Krishna,0.3573354841989545,0.0,0.5597127570868909,0.12130042673753942,2020.0,"{""type"":""MultiPoint"",""coordinates"":[]}"
4_21,1333.6093602401859,Krishna,0.35206539484492805,0.0,0.5678213351807262,0.1308630467291579,2021.0,"{""type"":""MultiPoint"",""coordinates"":[]}"
4_22,1329.4879595950974,Krishna,0.34285055809913173,0.0,0.5489844820253932,0.12205013334426329,2022.0,"{""type"":""MultiPoint"",""coordinates"":[]}"
4_23,956.7493502146383,Krishna,0.3485959356244758,0.0,0.5549403905161515,0.13847773574975647,2023.0,"{""type"":""MultiPoint"",""coordinates"":[]}"
4_24,1315.750341565224,Krishna,0.3424342083168907,0.0,0.5511156524463506,0.13306685028708368,2024.0,"{""type"":""MultiPoint"",""coordinates"":[]}"
5_0,1007.7638910614002,Kurnool,0.21673923842208,0.0,0.36830309019886576,-0.023617486025084775,2000.0,"{""type"":""MultiPoint"",""coordinates"":[]}"
5_1,770.8560429628353,Kurnool,0.18792356104770558,0.0,0.326982867332988,-0.06371688315789256,2001.0,"{""type"":""MultiPoint"",""coordinates"":[]}"
5_2,695.3066188742418,Kurnool,0.2122463489514235,0.0,0.3660862854164612,-0.045421078003076695,2002.0,"{""type"":""MultiPoint"",""coordinates"":[]}"
5_3,535.9784664383827,Kurnool,0.20965206810266707,0.0,0.3550671886026434,-0.05382799623934951,2003.0,"{""type"":""MultiPoint"",""coordinates"":[]}"
5_4,617.6731869407556,Kurnool,0.1934638327546216,0.0,0.33752313741421214,-0.07090656503187341,2004.0,"{""type"":""MultiPoint"",""coordinates"":[]}"
5_5,969.4263635192062,Kurnool,0.20649287491026758,0.0,0.35540705918381293,-0.0363158375920898,2005.0,"{""type"":""MultiPoint"",""coordinates"":[]}"
5_6,736.4938987450467,Kurnool,0.22644600172065144,0.0,0.3794040601904221,-0.02591714230749787,2006.0,"{""type"":""MultiPoint"",""coordinates"":[]}"
5_7,1078.4362095813322,Kurnool,0.2112550934757684,0.0,0.35843423611898045,-0.02371141051925476,2007.0,"{""type"":""MultiPoint"",""coordinates"":[]}"
5_8,712.517852953806,Kurnool,0.21047293718498786,0.0,0.361069657429093,-0.03219611625781342,2008.0,"{""type"":""MultiPoint"",""coordinates"":[]}"
5_9,747.2622804492387,Kurnool,0.19655241735231804,0.0,0.33143498245855996,-0.052253111292266244,2009.0,"{""type"":""MultiPoint"",""coordinates"":[]}"
5_10,1114.940603017863,Kurnool,0.2302696756225187,0.0,0.39033262970233545,-0.010660503497000855,2010.0,"{""type"":""MultiPoint"",""coordinates"":[]}"
5_11,598.2337999680985,Kurnool,0.20416080162036856,0.0,0.35400565398241995,-0.03960798687917677,2011.0,"{""type"":""MultiPoint"",""coordinates"":[]}"
5_12,700.2108514929358,Kurnool,0.21204491413104856,0.0,0.36158144359650496,-0.03815315842225211,2012.0,"{""type"":""MultiPoint"",""coordinates"":[]}"
5_13,850.0018342638448,Kurnool,0.22226064428747205,0.0,0.38082801486057644,-0.024679332394132194,2013.0,"{""type"":""MultiPoint"",""coordinates"":[]}"
5_14,694.4217253430155,Kurnool,0.23002966599719618,0.0,0.38625917012948446,-0.017691785692409583,2014.0,"{""type"":""MultiPoint"",""coordinates"":[]}"
5_15,622.1793742360323,Kurnool,0.2144003033780238,0.0,0.36607044946439693,-0.04754198266495408,2015.0,"{""type"":""MultiPoint"",""coordinates"":[]}"
5_16,665.4181460386437,Kurnool,0.22879755783472538,0.0,0.3813623729066948,-0.016613147966394556,2016.0,"{""type"":""MultiPoint"",""coordinates"":[]}"
5_17,820.1625220862358,Kurnool,0.24338296760949954,0.0,0.4021250244374669,-0.013845944313486774,2017.0,"{""type"":""MultiPoint"",""coordinates"":[]}"
5_18,613.1339244748071,Kurnool,0.21202952633804986,0.0,0.3601208107380948,-0.03558094167064576,2018.0,"{""type"":""MultiPoint"",""coordinates"":[]}"
5_19,834.136351304986,Kurnool,0.24031605703880457,0.0,0.3975426561324105,-0.014250133730765556,2019.0,"{""type"":""MultiPoint"",""coordinates"":[]}"
5_20,1118.793562725758,Kurnool,0.2500918312410648,0.0,0.42221415348705615,-0.0037996802388522576,2020.0,"{""type"":""MultiPoint"",""coordinates"":[]}"
5_21,820.3242550649428,Kurnool,0.25262523923745883,0.0,0.43405348975027086,0.008935495125974418,2021.0,"{""type"":""MultiPoint"",""coordinates"":[]}"
5_22,1005.2383957907425,Kurnool,0.25861144837374095,0.0,0.43065685157060307,0.015855280749726742,2022.0,"{""type"":""MultiPoint"",""coordinates"":[]}"
5_23,593.5284413611934,Kurnool,0.2435353535850372,0.0,0.4078500287262981,-0.005847894869406344,2023.0,"{""type"":""MultiPoint"",""coordinates"":[]}"
5_24,840.686865661794,Kurnool,0.24945477889733209,0.0,0.4178030500524884,0.023383299753408006,2024.0,"{""type"":""MultiPoint"",""coordinates"":[]}"
6_0,838.7596989839097,Nellore,0.2572908565321869,0.0027670462425648363,0.425556450259131,0.046226562587105356,2000.0,"{""type"":""MultiPoint"",""coordinates"":[]}"
6_1,1030.9582751507112,Nellore,0.22767777910304704,3.4588078032060453E-4,0.38311322227198374,0.02337419641893416,2001.0,"{""type"":""MultiPoint"",""coordinates"":[]}"
6_2,1127.0682688398722,Nellore,0.23638191052759377,0.001988814486843476,0.3986928269287906,0.03135655129169498,2002.0,"{""type"":""MultiPoint"",""coordinates"":[]}"
6_3,758.3645752629168,Nellore,0.24913029116174054,0.0,0.4006580010905446,0.01986181085187562,2003.0,"{""type"":""MultiPoint"",""coordinates"":[]}"
6_4,757.4313648771832,Nellore,0.25212773286233886,0.0,0.41110663933490044,0.006627860523767959,2004.0,"{""type"":""MultiPoint"",""coordinates"":[]}"
6_5,1448.0357733215196,Nellore,0.23908542301177801,4.3235097540075563E-4,0.387067106767926,0.009177142105143617,2005.0,"{""type"":""MultiPoint"",""coordinates"":[]}"
6_6,1047.968321743919,Nellore,0.26903997510962335,2.594105852404534E-4,0.4372125868308607,0.055817675135523055,2006.0,"{""type"":""MultiPoint"",""coordinates"":[]}"
6_7,1054.775435331926,Nellore,0.27051181271935837,0.001297052926202267,0.4412679698983394,0.06709073130627864,2007.0,"{""type"":""MultiPoint"",""coordinates"":[]}"
6_8,1149.118261255451,Nellore,0.2650642831407439,0.002075284681923627,0.4355663205599363,0.052526018395366976,2008.0,"{""type"":""MultiPoint"",""coordinates"":[]}"
6_9,871.7781725903759,Nellore,0.26484850179538116,9.511721458816625E-4,0.428334143063087,0.041264428286771036,2009.0,"{""type"":""MultiPoint"",""coordinates"":[]}"
6_10,1500.8170508076903,Nellore,0.295040326102764,3.4588078032060453E-4,0.4844148455983037,0.09589508849586748,2010.0,"{""type"":""MultiPoint"",""coordinates"":[]}"
6_11,1051.6766230092665,Nellore,0.27806659344197426,3.4588078032060453E-4,0.45580360370870887,0.0725545099090512,2011.0,"{""type"":""MultiPoint"",""coordinates"":[]}"
6_12,990.7449250121213,Nellore,0.273463619578734,8.647019508015113E-5,0.44569900204222795,0.038391502223081145,2012.0,"{""type"":""MultiPoint"",""coordinates"":[]}"
6_13,1045.206743556327,Nellore,0.28840798792859124,0.0,0.46797017096554894,0.06783102643284533,2013.0,"{""type"":""MultiPoint"",""coordinates"":[]}"
6_14,757.9073846943229,Nellore,0.2872565846237138,1.7294039016030227E-4,0.4572935783168429,0.05216811711999395,2014.0,"{""type"":""MultiPoint"",""coordinates"":[]}"
6_15,1232.2084978769112,Nellore,0.2812630362431071,1.7294039016030227E-4,0.45583009247638323,0.03975885221139236,2015.0,"{""type"":""MultiPoint"",""coordinates"":[]}"
6_16,568.1354624819367,Nellore,0.27646450914222187,0.0,0.45356764817889617,0.05432065981869044,2016.0,"{""type"":""MultiPoint"",""coordinates"":[]}"
6_17,864.877835987299,Nellore,0.28713638760954563,0.0,0.4663628474562442,0.04098271666131648,2017.0,"{""type"":""MultiPoint"",""coordinates"":[]}"
6_18,684.2259089753106,Nellore,0.2667522436943893,0.0,0.43189702251251894,0.016382759312176122,2018.0,"{""type"":""MultiPoint"",""coordinates"":[]}"
6_19,947.417858940616,Nellore,0.297370459478083,0.0,0.4752763589448351,0.05525142067858295,2019.0,"{""type"":""MultiPoint"",""coordinates"":[]}"
6_20,1562.2032355091299,Nellore,0.3225449589171671,0.0037182183884464986,0.5227757060049835,0.10227272849070303,2020.0,"{""type"":""MultiPoint"",""coordinates"":[]}"
6_21,1453.415972170704,Nellore,0.27858421492427793,0.001297052926202267,0.4743119246623287,0.08594407791883031,2021.0,"{""type"":""MultiPoint"",""coordinates"":[]}"
6_22,1187.396381314747,Nellore,0.31115851319940097,0.0014699933163625691,0.5119772325683477,0.1160229337259348,2022.0,"{""type"":""MultiPoint"",""coordinates"":[]}"
6_23,926.2803810573408,Nellore,0.2920344613760956,0.002075284681923627,0.48740536949420504,0.08115265353518507,2023.0,"{""type"":""MultiPoint"",""coordinates"":[]}"
6_24,1096.2139232924317,Nellore,0.2912781922714069,4.3235097540075563E-4,0.4855595407026366,0.09343276356853339,2024.0,"{""type"":""MultiPoint"",""coordinates"":[]}"
7_0,832.4337110967215,Prakasam,0.24699479532122087,0.0,0.39886633263188864,-0.006942256379371551,2000.0,"{""type"":""MultiPoint"",""coordinates"":[]}"
7_1,822.6293161283843,Prakasam,0.22177580325340082,0.0,0.36506997090048193,-0.059479344753533066,2001.0,"{""type"":""MultiPoint"",""coordinates"":[]}"
7_2,849.7910360988466,Prakasam,0.22910641075254837,0.0,0.3688387980701464,-0.05279637912046433,2002.0,"{""type"":""MultiPoint"",""coordinates"":[]}"
7_3,668.5893190679552,Prakasam,0.24148406659570698,0.0,0.38656965604216836,-0.03108528106564411,2003.0,"{""type"":""MultiPoint"",""coordinates"":[]}"
7_4,688.1236998456875,Prakasam,0.23246355295522364,0.0,0.38272916733640927,-0.04739964861155411,2004.0,"{""type"":""MultiPoint"",""coordinates"":[]}"
7_5,1090.010879855305,Prakasam,0.22036644782984405,0.0,0.35379212764063656,-0.060101866538460204,2005.0,"{""type"":""MultiPoint"",""coordinates"":[]}"
7_6,801.7494710007576,Prakasam,0.23397769974232285,0.0,0.3802823747669408,-0.03776282527641457,2006.0,"{""type"":""MultiPoint"",""coordinates"":[]}"
7_7,1008.7372023113176,Prakasam,0.2552670489383385,0.0,0.4142544450042511,-0.0061780451555581125,2007.0,"{""type"":""MultiPoint"",""coordinates"":[]}"
7_8,802.6124853180429,Prakasam,0.2414651904953581,0.0,0.39606568899850947,-0.03146181121515915,2008.0,"{""type"":""MultiPoint"",""coordinates"":[]}"
7_9,669.9280982246945,Prakasam,0.23586304751825624,0.0,0.3795922975539386,-0.03938496466705632,2009.0,"{""type"":""MultiPoint"",""coordinates"":[]}"
7_10,1291.8636213852171,Prakasam,0.29464992730748646,0.0,0.4747929923651478,0.031933924075542366,2010.0,"{""type"":""MultiPoint"",""coordinates"":[]}"
7_11,701.5352128328135,Prakasam,0.2518702340253189,0.0,0.4135255277017231,-0.025397964239052898,2011.0,"{""type"":""MultiPoint"",""coordinates"":[]}"
7_12,777.6323422380975,Prakasam,0.250557065649287,0.0,0.40417847367333354,-0.02344671097524862,2012.0,"{""type"":""MultiPoint"",""coordinates"":[]}"
7_13,963.9156886505914,Prakasam,0.27297817083663745,0.0,0.44088006610989006,-0.005074486612166411,2013.0,"{""type"":""MultiPoint"",""coordinates"":[]}"
7_14,666.1760986619579,Prakasam,0.2401172808497435,0.0,0.3866647027868984,-0.04060316571021049,2014.0,"{""type"":""MultiPoint"",""coordinates"":[]}"
7_15,727.4642127758125,Prakasam,0.24704429475204542,0.0,0.39811380960774817,-0.03140577788679133,2015.0,"{""type"":""MultiPoint"",""coordinates"":[]}"
7_16,590.1456470819976,Prakasam,0.2307817089742046,0.0,0.38192257727266,-0.03953724974855461,2016.0,"{""type"":""MultiPoint"",""coordinates"":[]}"
7_17,707.451272337304,Prakasam,0.257335205655203,0.0,0.4098272558992594,-0.024781192315498135,2017.0,"{""type"":""MultiPoint"",""coordinates"":[]}"
7_18,537.7981310861062,Prakasam,0.20293285872708616,0.0,0.3329111354507587,-0.07705313892997653,2018.0,"{""type"":""MultiPoint"",""coordinates"":[]}"
7_19,836.6769045496081,Prakasam,0.24873553551802594,0.0,0.3890329257014527,-0.029239791076106303,2019.0,"{""type"":""MultiPoint"",""coordinates"":[]}"
7_20,1204.282090553399,Prakasam,0.3038300919541162,0.0,0.47441236219601873,0.005337796688582859,2020.0,"{""type"":""MultiPoint"",""coordinates"":[]}"
7_21,1033.3924300092779,Prakasam,0.28322758829472666,0.0,0.4655067035262052,0.01463839124188004,2021.0,"{""type"":""MultiPoint"",""coordinates"":[]}"
7_22,942.78630063992,Prakasam,0.29358868259283316,0.0,0.47850766765315966,0.03819216546788486,2022.0,"{""type"":""MultiPoint"",""coordinates"":[]}"
7_23,716.1404292519735,Prakasam,0.2610898221588578,0.0,0.4292058842439826,-0.010481634346391981,2023.0,"{""type"":""MultiPoint"",""coordinates"":[]}"
7_24,874.5694692519777,Prakasam,0.2852202000203511,0.0,0.4556674410141568,0.033389459914567515,2024.0,"{""type"":""MultiPoint"",""coordinates"":[]}"
8_0,946.0855603945755,Srikakulam,0.28071638510251773,0.0,0.4620180803366546,0.01814881962109914,2000.0,"{""type"":""MultiPoint"",""coordinates"":[]}"
8_1,1209.6523682236286,Srikakulam,0.27722595238333164,0.0,0.4541871557757759,0.03856103471391913,2001.0,"{""type"":""MultiPoint"",""coordinates"":[]}"
8_2,1014.4037490824516,Srikakulam,0.290517564892305,0.0,0.4725919696934458,-7.786383984803913E-4,2002.0,"{""type"":""MultiPoint"",""coordinates"":[]}"
8_3,1495.2378458800308,Srikakulam,0.2721665984866391,0.0,0.45262027818201095,-0.04464377983804646,2003.0,"{""type"":""MultiPoint"",""coordinates"":[]}"
8_4,1138.3162456156494,Srikakulam,0.2889195906929385,0.0,0.4822099740883235,0.013771914668858035,2004.0,"{""type"":""MultiPoint"",""coordinates"":[]}"
8_5,1763.975593306395,Srikakulam,0.2876248440262641,0.0,0.4746303722955947,-0.006903432634719353,2005.0,"{""type"":""MultiPoint"",""coordinates"":[]}"
8_6,1454.9920632486346,Srikakulam,0.2919767822660791,0.0,0.49931069958551544,0.009902401875849594,2006.0,"{""type"":""MultiPoint"",""coordinates"":[]}"
8_7,1240.3814900659947,Srikakulam,0.3072886901143731,0.0,0.5054552794996302,0.01647540177482887,2007.0,"{""type"":""MultiPoint"",""coordinates"":[]}"
8_8,1160.6290295775075,Srikakulam,0.30049549151580485,0.0,0.5024475147154024,0.05718002030708936,2008.0,"{""type"":""MultiPoint"",""coordinates"":[]}"
8_9,1024.9297181470365,Srikakulam,0.2840045029001525,0.0,0.46849491756794154,0.06810269338592441,2009.0,"{""type"":""MultiPoint"",""coordinates"":[]}"
8_10,1734.8285401356877,Srikakulam,0.3161484827994346,0.0,0.5127395718737214,0.05863721977949219,2010.0,"{""type"":""MultiPoint"",""coordinates"":[]}"
8_11,819.082543079944,Srikakulam,0.3099805883583246,0.0,0.5163108995226673,0.01289155034831334,2011.0,"{""type"":""MultiPoint"",""coordinates"":[]}"
8_12,1205.9828521428717,Srikakulam,0.30104840913777087,0.0,0.50482728948063,0.027268632428431805,2012.0,"{""type"":""MultiPoint"",""coordinates"":[]}"
8_13,1520.0906583497026,Srikakulam,0.31156318963206925,0.0,0.5187486160791388,0.017678792971712046,2013.0,"{""type"":""MultiPoint"",""coordinates"":[]}"
8_14,1276.2230755598475,Srikakulam,0.3121146519102122,0.0,0.5164456627386151,0.05434002215357143,2014.0,"{""type"":""MultiPoint"",""coordinates"":[]}"
8_15,1146.1621027244114,Srikakulam,0.3159659048968421,0.0,0.5203962822194531,0.035574910537841065,2015.0,"{""type"":""MultiPoint"",""coordinates"":[]}"
8_16,1119.1972742355326,Srikakulam,0.31880398239504026,0.0,0.5249033961675312,0.04593696426643977,2016.0,"{""type"":""MultiPoint"",""coordinates"":[]}"
8_17,1289.5445060079014,Srikakulam,0.3166667669464909,0.0,0.5216162325683856,0.052510175582918026,2017.0,"{""type"":""MultiPoint"",""coordinates"":[]}"
8_18,1262.572309688627,Srikakulam,0.31288920700517114,0.0,0.5242578675319296,0.05613689677190831,2018.0,"{""type"":""MultiPoint"",""coordinates"":[]}"
8_19,1377.0211914204679,Srikakulam,0.3176605513411909,0.0,0.5280517520294702,0.05500610254854089,2019.0,"{""type"":""MultiPoint"",""coordinates"":[]}"
8_20,1274.9345545275507,Srikakulam,0.33110826489296147,0.0,0.5507129373812105,0.07629265941089816,2020.0,"{""type"":""MultiPoint"",""coordinates"":[]}"
8_21,1476.0772383950948,Srikakulam,0.3234204859308199,0.0,0.536433003024096,0.03355694216111463,2021.0,"{""type"":""MultiPoint"",""coordinates"":[]}"
8_22,1305.293050694162,Srikakulam,0.33394605012380274,0.0,0.5531891107574336,0.056318016712445435,2022.0,"{""type"":""MultiPoint"",""coordinates"":[]}"
8_23,910.7115926903942,Srikakulam,0.32611745931411806,0.0,0.5400951149212231,0.05522878693710762,2023.0,"{""type"":""MultiPoint"",""coordinates"":[]}"
8_24,1163.4394784066942,Srikakulam,0.33703794587505115,0.0,0.554408338391979,0.07578506903581367,2024.0,"{""type"":""MultiPoint"",""coordinates"":[]}"
9_0,947.2387207016945,Visakhapatnam,0.29865315778282625,0.0,0.4970494306707019,0.0075171547050558035,2000.0,"{""type"":""MultiPoint"",""coordinates"":[]}"
9_1,1103.3387612953823,Visakhapatnam,0.29110463598167396,0.0,0.48199741669090684,0.022152330893782643,2001.0,"{""type"":""MultiPoint"",""coordinates"":[]}"
9_2,882.737553648327,Visakhapatnam,0.30130457977464753,0.0,0.5000222383479875,-0.02818862904885114,2002.0,"{""type"":""MultiPoint"",""coordinates"":[]}"
9_3,1325.4973429547872,Visakhapatnam,0.27983690326266003,0.0,0.479299418367579,-0.023554541628675978,2003.0,"{""type"":""MultiPoint"",""coordinates"":[]}"
9_4,1023.792547559331,Visakhapatnam,0.3092878980446848,3.4028436430043373E-4,0.5216377653209953,-0.023687214241666553,2004.0,"{""type"":""MultiPoint"",""coordinates"":[]}"
9_5,1633.4426652995805,Visakhapatnam,0.2852586357004269,0.0,0.48912708854760395,0.0019947355872053023,2005.0,"{""type"":""MultiPoint"",""coordinates"":[]}"
9_6,1352.4813849450538,Visakhapatnam,0.3127106806339554,1.7014218215021686E-4,0.5335543712111598,0.0018962228782186952,2006.0,"{""type"":""MultiPoint"",""coordinates"":[]}"
9_7,1175.085015893998,Visakhapatnam,0.3185917293760161,3.4028436430043373E-4,0.5335562973909415,-0.018805916396864866,2007.0,"{""type"":""MultiPoint"",""coordinates"":[]}"
9_8,1086.0236250668395,Visakhapatnam,0.3132280930501673,1.7014218215021686E-4,0.5381455167150911,0.03117435286064601,2008.0,"{""type"":""MultiPoint"",""coordinates"":[]}"
9_9,896.2697349525853,Visakhapatnam,0.2909299997958328,0.0,0.48693595117841526,0.014059672109482944,2009.0,"{""type"":""MultiPoint"",""coordinates"":[]}"
9_10,1815.3409809613936,Visakhapatnam,0.33033408309356577,5.104265464506506E-4,0.5371053463691929,0.05027743574917704,2010.0,"{""type"":""MultiPoint"",""coordinates"":[]}"
9_11,784.9213586687581,Visakhapatnam,0.33066022784727017,0.003913270189454988,0.560709805704193,-0.016002465968646004,2011.0,"{""type"":""MultiPoint"",""coordinates"":[]}"
9_12,1190.2928349975946,Visakhapatnam,0.29496125827614317,0.0,0.5078327810661818,0.027729911636250725,2012.0,"{""type"":""MultiPoint"",""coordinates"":[]}"
9_13,1299.0779813486813,Visakhapatnam,0.31372083745740575,0.0,0.5382981735217884,-0.041164951644146186,2013.0,"{""type"":""MultiPoint"",""coordinates"":[]}"
9_14,1099.007167389099,Visakhapatnam,0.31965654365379653,0.0,0.5444210735094138,0.019988312702643316,2014.0,"{""type"":""MultiPoint"",""coordinates"":[]}"
9_15,1119.4909177508766,Visakhapatnam,0.31921938097381997,0.0,0.538209549964322,-0.010667587570146894,2015.0,"{""type"":""MultiPoint"",""coordinates"":[]}"
9_16,999.1475119320692,Visakhapatnam,0.3272002823404393,8.507109107510843E-5,0.5548083717602302,0.021153209627694947,2016.0,"{""type"":""MultiPoint"",""coordinates"":[]}"
9_17,1122.899421965619,Visakhapatnam,0.3229698724189719,0.0,0.5505013040576168,0.048206668184445425,2017.0,"{""type"":""MultiPoint"",""coordinates"":[]}"
9_18,1135.121276058384,Visakhapatnam,0.3128138583189697,0.0,0.5367689637061411,0.03885945070013275,2018.0,"{""type"":""MultiPoint"",""coordinates"":[]}"
9_19,1254.367850672765,Visakhapatnam,0.31741694169815254,0.0,0.5417302859313713,0.03393011726845272,2019.0,"{""type"":""MultiPoint"",""coordinates"":[]}"
9_20,1247.9959606262457,Visakhapatnam,0.36028021644652053,8.507109107510843E-5,0.5955476533009706,0.1099609758578864,2020.0,"{""type"":""MultiPoint"",""coordinates"":[]}"
9_21,1406.592759310138,Visakhapatnam,0.33839826769051046,0.0,0.5828755268946648,0.024968213420517908,2021.0,"{""type"":""MultiPoint"",""coordinates"":[]}"
9_22,1110.6528984978024,Visakhapatnam,0.3498593149077843,0.002807346005478578,0.590566815138354,0.0876474053119351,2022.0,"{""type"":""MultiPoint"",""coordinates"":[]}"
9_23,823.7396136331141,Visakhapatnam,0.34539256602519297,0.0012760663661266264,0.5813924725390269,0.048753006762650264,2023.0,"{""type"":""MultiPoint"",""coordinates"":[]}"
9_24,1089.9940944000407,Visakhapatnam,0.3482265087850897,0.003743128007304771,0.5921117735047958,0.08104363182840706,2024.0,"{""type"":""MultiPoint"",""coordinates"":[]}"
10_0,1094.957871200133,Vizianagaram,0.3016428248556081,0.0,0.48717790997451405,0.05585394762335886,2000.0,"{""type"":""MultiPoint"",""coordinates"":[]}"
10_1,1270.5860000566945,Vizianagaram,0.28743031251410045,0.0,0.464499207880175,0.05603459771414957,2001.0,"{""type"":""MultiPoint"",""coordinates"":[]}"
10_2,1060.232871623949,Vizianagaram,0.29932143189831406,0.0,0.4799744416230677,0.040893910294014214,2002.0,"{""type"":""MultiPoint"",""coordinates"":[]}"
10_3,1479.280552673801,Vizianagaram,0.2811788544292022,0.0,0.4663400443396602,0.032490141776161975,2003.0,"{""type"":""MultiPoint"",""coordinates"":[]}"
10_4,1239.0935442386353,Vizianagaram,0.3156732978719138,0.0,0.5188458085709482,0.07911097282798195,2004.0,"{""type"":""MultiPoint"",""coordinates"":[]}"
10_5,1807.6615636091879,Vizianagaram,0.2942862293180814,0.0,0.4864755121995442,0.044809885247403765,2005.0,"{""type"":""MultiPoint"",""coordinates"":[]}"
10_6,1567.3356327428148,Vizianagaram,0.31745627188070685,0.0,0.5228301550072889,0.07677249445185413,2006.0,"{""type"":""MultiPoint"",""coordinates"":[]}"
10_7,1375.5535304427474,Vizianagaram,0.33049269739193504,0.0,0.5287105252869633,0.07667961830855169,2007.0,"{""type"":""MultiPoint"",""coordinates"":[]}"
10_8,1264.9729444657041,Vizianagaram,0.3138109015482973,0.0,0.5234316995141132,0.08347192592509417,2008.0,"{""type"":""MultiPoint"",""coordinates"":[]}"
10_9,1074.1681555059067,Vizianagaram,0.29963368736800877,0.0,0.48514118646435783,0.07485127288197453,2009.0,"{""type"":""MultiPoint"",""coordinates"":[]}"
10_10,1913.877391762762,Vizianagaram,0.3375795438125325,0.0,0.5377045469386634,0.10368457206495177,2010.0,"{""type"":""MultiPoint"",""coordinates"":[]}"
10_11,931.1905209313038,Vizianagaram,0.3396918434909167,0.0011881824768712127,0.5552586343550175,0.1011139937812357,2011.0,"{""type"":""MultiPoint"",""coordinates"":[]}"
10_12,1313.4859255628617,Vizianagaram,0.3107504710085889,0.0,0.5184846691786613,0.07191861410383986,2012.0,"{""type"":""MultiPoint"",""coordinates"":[]}"
10_13,1443.958283404437,Vizianagaram,0.3301106597347188,0.0,0.5385682261519161,0.07447231262756851,2013.0,"{""type"":""MultiPoint"",""coordinates"":[]}"
10_14,1307.8219089830518,Vizianagaram,0.33444326241454514,0.0,0.542435056877994,0.08237515349019307,2014.0,"{""type"":""MultiPoint"",""coordinates"":[]}"
10_15,1278.3167685963558,Vizianagaram,0.3303966247147501,0.0,0.5400591305103656,0.08526846828857097,2015.0,"{""type"":""MultiPoint"",""coordinates"":[]}"
10_16,1178.8269465673545,Vizianagaram,0.3269999219792202,0.0,0.5361552908667269,0.08314692345663026,2016.0,"{""type"":""MultiPoint"",""coordinates"":[]}"
10_17,1305.2629462291916,Vizianagaram,0.3359502843594957,2.5461053075811704E-4,0.5428595847092009,0.08996118700348746,2017.0,"{""type"":""MultiPoint"",""coordinates"":[]}"
10_18,1361.4056628713322,Vizianagaram,0.3206558086645354,0.0,0.5289046726477156,0.08635404708975175,2018.0,"{""type"":""MultiPoint"",""coordinates"":[]}"
10_19,1401.0031219947305,Vizianagaram,0.32956515305763495,0.0,0.5348729400028182,0.07438088053944479,2019.0,"{""type"":""MultiPoint"",""coordinates"":[]}"
10_20,1383.0876322631766,Vizianagaram,0.3581527654987445,0.0,0.5760662336361727,0.11232450552244459,2020.0,"{""type"":""MultiPoint"",""coordinates"":[]}"
10_21,1535.4325512002274,Vizianagaram,0.3434724533743748,0.0,0.5683296046915198,0.09648970009972485,2021.0,"{""type"":""MultiPoint"",""coordinates"":[]}"
10_22,1350.0398490762216,Vizianagaram,0.3602833647481248,8.487017691937235E-5,0.5827370169670675,0.1216623280489282,2022.0,"{""type"":""MultiPoint"",""coordinates"":[]}"
10_23,1003.5218248863831,Vizianagaram,0.3449412982178724,0.0,0.564714740879145,0.11049878627191685,2023.0,"{""type"":""MultiPoint"",""coordinates"":[]}"
10_24,1243.811080557975,Vizianagaram,0.3558862645536595,0.0011881824768712127,0.5857622035723894,0.13381513758132607,2024.0,"{""type"":""MultiPoint"",""coordinates"":[]}"
11_0,1315.000945864542,West Godavari,0.3279556364143175,3.0251479240383E-4,0.5367637292211268,0.1154030650244707,2000.0,"{""type"":""MultiPoint"",""coordinates"":[]}"
11_1,1210.4006471749808,West Godavari,0.34401240696839774,5.979943570773384E-4,0.547343739159062,0.12008989053173118,2001.0,"{""type"":""MultiPoint"",""coordinates"":[]}"
11_2,921.2478522166238,West Godavari,0.33034495525370233,1.7085553059352526E-4,0.5311096245188425,0.10098730152788722,2002.0,"{""type"":""MultiPoint"",""coordinates"":[]}"
11_3,1247.8079362545147,West Godavari,0.32364627530743323,0.0,0.5177985667292505,0.10166851477526827,2003.0,"{""type"":""MultiPoint"",""coordinates"":[]}"
11_4,1082.1832496899453,West Godavari,0.3426724885208343,0.012068765665944604,0.5401896186759618,0.13003941797284163,2004.0,"{""type"":""MultiPoint"",""coordinates"":[]}"
11_5,1500.46207786488,West Godavari,0.34590586204632273,0.0011105609488579141,0.5370678882892636,0.12129036014429374,2005.0,"{""type"":""MultiPoint"",""coordinates"":[]}"
11_6,1363.6535333204406,West Godavari,0.3533158628012514,0.01816127288040313,0.5630592603884267,0.15398061223648862,2006.0,"{""type"":""MultiPoint"",""coordinates"":[]}"
11_7,1440.4560602082179,West Godavari,0.35607313118209927,0.014502954460635884,0.5672451220416498,0.14401694379245963,2007.0,"{""type"":""MultiPoint"",""coordinates"":[]}"
11_8,1123.0257435125252,West Godavari,0.35101696706365126,0.015124734587658598,0.5628161330345776,0.1475306469457424,2008.0,"{""type"":""MultiPoint"",""coordinates"":[]}"
11_9,853.064312094401,West Godavari,0.3448387472577981,0.0014154208171718516,0.5417156150371143,0.12008013256695435,2009.0,"{""type"":""MultiPoint"",""coordinates"":[]}"
11_10,1901.7713475402816,West Godavari,0.3664813068067346,0.006120983136224118,0.56875614427364,0.15570260472791075,2010.0,"{""type"":""MultiPoint"",""coordinates"":[]}"
11_11,902.2881821066745,West Godavari,0.37864652811931976,0.011520352913823816,0.5843607368219095,0.1611796471733066,2011.0,"{""type"":""MultiPoint"",""coordinates"":[]}"
11_12,1573.3673413211852,West Godavari,0.358050110260655,0.001476057779990338,0.5612556855029782,0.1472637802935587,2012.0,"{""type"":""MultiPoint"",""coordinates"":[]}"
11_13,1408.7619682599145,West Godavari,0.3763356067326921,0.0144748135497146,0.5905806202314637,0.16672569437055745,2013.0,"{""type"":""MultiPoint"",""coordinates"":[]}"
11_14,1099.0061838314678,West Godavari,0.37860410243627596,0.011123030052482793,0.5899193105152675,0.16421206289224036,2014.0,"{""type"":""MultiPoint"",""coordinates"":[]}"
11_15,1108.5187603884892,West Godavari,0.373613364846037,0.0044563142508923,0.5880938920768629,0.16741121781894647,2015.0,"{""type"":""MultiPoint"",""coordinates"":[]}"
11_16,1141.0281880969953,West Godavari,0.37141077148610635,0.0013504287133774516,0.5838495097763304,0.16438179164295622,2016.0,"{""type"":""MultiPoint"",""coordinates"":[]}"
11_17,1118.4805559078588,West Godavari,0.38092060001447264,0.0020757271912891814,0.5982009016599946,0.17008633015456015,2017.0,"{""type"":""MultiPoint"",""coordinates"":[]}"
11_18,1237.9879882091423,West Godavari,0.3650658964867615,7.129030766725915E-4,0.5759744908878761,0.1632314179106843,2018.0,"{""type"":""MultiPoint"",""coordinates"":[]}"
11_19,1230.772838327764,West Godavari,0.376992168426454,0.0015390398187189315,0.5964692758287359,0.16070678550020967,2019.0,"{""type"":""MultiPoint"",""coordinates"":[]}"
11_20,1630.4724231735213,West Godavari,0.3796751935556427,0.0029045440200899295,0.6026500164671197,0.1670997392759975,2020.0,"{""type"":""MultiPoint"",""coordinates"":[]}"
11_21,1406.7231358781346,West Godavari,0.3763328459238969,0.01260813312526926,0.6185920527749004,0.1835490826564325,2021.0,"{""type"":""MultiPoint"",""coordinates"":[]}"
11_22,1388.4017764903526,West Godavari,0.3763598479264693,0.01789393422665091,0.6105216281585859,0.20332674118537183,2022.0,"{""type"":""MultiPoint"",""coordinates"":[]}"
11_23,959.3855214010259,West Godavari,0.3816662406454692,0.010395051487816657,0.6130573976456943,0.19287762137092107,2023.0,"{""type"":""MultiPoint"",""coordinates"":[]}"
11_24,1417.8877800698283,West Godavari,0.38773535463349956,0.0031859531293027946,0.6159551569805704,0.19162139139918274,2024.0,"{""type"":""MultiPoint"",""coordinates"":[]}"
12_0,956.444487786956,YSR Kadapa,0.28179188786224885,0.0,0.4636979856150952,0.028661162753550972,2000.0,"{""type"":""MultiPoint"",""coordinates"":[]}"
12_1,913.1257109389314,YSR Kadapa,0.2641995782290418,0.0,0.4449275318577456,0.006170521925102197,2001.0,"{""type"":""MultiPoint"",""coordinates"":[]}"
12_2,832.7508151236021,YSR Kadapa,0.2724460183356668,0.0,0.4547545516925989,0.016399075843346995,2002.0,"{""type"":""MultiPoint"",""coordinates"":[]}"
12_3,656.0222089437516,YSR Kadapa,0.2738988005478636,0.0,0.44298845078178495,0.009980008535826488,2003.0,"{""type"":""MultiPoint"",""coordinates"":[]}"
12_4,798.3497513498994,YSR Kadapa,0.2980172477715629,0.0,0.48617529293166273,0.03191119775111536,2004.0,"{""type"":""MultiPoint"",""coordinates"":[]}"
12_5,1201.4409225257725,YSR Kadapa,0.2753222029360754,0.0,0.45396524797636767,0.01356371683140754,2005.0,"{""type"":""MultiPoint"",""coordinates"":[]}"
12_6,724.2930049976458,YSR Kadapa,0.2919064358839425,0.0,0.48036087140755557,0.034679897976781296,2006.0,"{""type"":""MultiPoint"",""coordinates"":[]}"
12_7,1077.6622067747937,YSR Kadapa,0.2844815813381835,0.0,0.4702895365967351,0.03560120676486487,2007.0,"{""type"":""MultiPoint"",""coordinates"":[]}"
12_8,827.3138990150342,YSR Kadapa,0.27777647651483134,0.0,0.4763752287663259,0.030788873481915394,2008.0,"{""type"":""MultiPoint"",""coordinates"":[]}"
12_9,689.7577262124001,YSR Kadapa,0.28121937471887115,0.0,0.46216838297410534,0.026368450202951223,2009.0,"{""type"":""MultiPoint"",""coordinates"":[]}"
12_10,1201.2249992923641,YSR Kadapa,0.3092394043430015,0.0,0.5157319818261877,0.06383822624393104,2010.0,"{""type"":""MultiPoint"",""coordinates"":[]}"
12_11,812.6821665053828,YSR Kadapa,0.30222140512481793,0.0,0.49064353814249073,0.057437217887330264,2011.0,"{""type"":""MultiPoint"",""coordinates"":[]}"
12_12,808.9729086692877,YSR Kadapa,0.26840617881055817,0.0,0.4530558295668666,0.01367846698954232,2012.0,"{""type"":""MultiPoint"",""coordinates"":[]}"
12_13,871.6956022469288,YSR Kadapa,0.2880754826359127,0.0,0.48264499538624317,0.03897714565103248,2013.0,"{""type"":""MultiPoint"",""coordinates"":[]}"
12_14,737.8237304834577,YSR Kadapa,0.26969678428465704,0.0,0.44546325853442986,0.004615407600002086,2014.0,"{""type"":""MultiPoint"",""coordinates"":[]}"
12_15,834.5710870009302,YSR Kadapa,0.27422535897324585,0.0,0.4557803066892897,0.017878710190507057,2015.0,"{""type"":""MultiPoint"",""coordinates"":[]}"
12_16,598.5856425720708,YSR Kadapa,0.3034792596425459,0.0,0.5034743946395437,0.05041193298315198,2016.0,"{""type"":""MultiPoint"",""coordinates"":[]}"
12_17,893.6999015204268,YSR Kadapa,0.29766727591524655,0.0,0.49459203368742394,0.03916492780531088,2017.0,"{""type"":""MultiPoint"",""coordinates"":[]}"
12_18,625.1382223850921,YSR Kadapa,0.2625038520112444,0.0,0.4380663413867218,0.009733732762182826,2018.0,"{""type"":""MultiPoint"",""coordinates"":[]}"
12_19,867.3531328863488,YSR Kadapa,0.2704549657890353,0.0,0.431724664050321,-0.0057092896502006505,2019.0,"{""type"":""MultiPoint"",""coordinates"":[]}"
12_20,1040.1814632127266,YSR Kadapa,0.3166899893945892,0.0,0.5204982316046556,0.05710569014555461,2020.0,"{""type"":""MultiPoint"",""coordinates"":[]}"
12_21,1000.5376615184495,YSR Kadapa,0.33893948755438785,0.0,0.5645095987479342,0.09998381788645269,2021.0,"{""type"":""MultiPoint"",""coordinates"":[]}"
12_22,1014.5887286608678,YSR Kadapa,0.3349882810380749,0.0,0.5535528528313673,0.09801462346164494,2022.0,"{""type"":""MultiPoint"",""coordinates"":[]}"
12_23,678.042246315668,YSR Kadapa,0.30606579997993477,0.0,0.5005179964202553,0.05756597173972337,2023.0,"{""type"":""MultiPoint"",""coordinates"":[]}"
12_24,987.9133072448681,YSR Kadapa,0.3227062674513448,0.0,0.5233040996304474,0.0829501949708469,2024.0,"{""type"":""MultiPoint"",""coordinates"":[]}"
13_0,1596.3970874676156,Alluri Sitharama Raju,0.3903809448738746,0.0,0.6377957913512599,0.12219151843301387,2000.0,"{""type"":""MultiPoint"",""coordinates"":[]}"
13_1,1541.7013231374865,Alluri Sitharama Raju,0.39248961389618225,0.0,0.6234319078260434,0.1308899179547762,2001.0,"{""type"":""MultiPoint"",""coordinates"":[]}"
13_2,1272.7731753912813,Alluri Sitharama Raju,0.3696119488912285,0.0,0.625279346689238,0.09548599797246543,2002.0,"{""type"":""MultiPoint"",""coordinates"":[]}"
13_3,1598.4416868911978,Alluri Sitharama Raju,0.3546782441495726,0.0,0.5923061941782298,0.09293724447059822,2003.0,"{""type"":""MultiPoint"",""coordinates"":[]}"
13_4,1451.2258038741431,Alluri Sitharama Raju,0.4105746826417679,0.0,0.6664676749019222,0.13622509191448326,2004.0,"{""type"":""MultiPoint"",""coordinates"":[]}"
13_5,1788.2670386636523,Alluri Sitharama Raju,0.3801531751485103,0.0,0.6306702190994757,0.12173239503889946,2005.0,"{""type"":""MultiPoint"",""coordinates"":[]}"
13_6,1892.0988906409316,Alluri Sitharama Raju,0.3965815380838759,0.0,0.6547274810946874,0.13277098235781076,2006.0,"{""type"":""MultiPoint"",""coordinates"":[]}"
13_7,1774.6092183421208,Alluri Sitharama Raju,0.3997630683146052,0.0,0.6530886214227649,0.1280440217980091,2007.0,"{""type"":""MultiPoint"",""coordinates"":[]}"
13_8,1595.5967938729038,Alluri Sitharama Raju,0.38907871967041197,0.0,0.6459908840066836,0.13363606174210038,2008.0,"{""type"":""MultiPoint"",""coordinates"":[]}"
13_9,1242.8673853554635,Alluri Sitharama Raju,0.3762497406128787,0.0,0.6281931715273971,0.11840151984901615,2009.0,"{""type"":""MultiPoint"",""coordinates"":[]}"
13_10,2200.8719937414057,Alluri Sitharama Raju,0.4196712089292619,0.0,0.660079835083908,0.1485080988004706,2010.0,"{""type"":""MultiPoint"",""coordinates"":[]}"
13_11,1278.6025607446338,Alluri Sitharama Raju,0.4111184977162556,0.0,0.6676394081148432,0.146670089981209,2011.0,"{""type"":""MultiPoint"",""coordinates"":[]}"
13_12,1789.543526661642,Alluri Sitharama Raju,0.3858832611665757,0.0,0.6303363076101108,0.11791997014573202,2012.0,"{""type"":""MultiPoint"",""coordinates"":[]}"
13_13,1679.8389364396003,Alluri Sitharama Raju,0.3998322572966514,0.0,0.6491820630228962,0.13336759479312735,2013.0,"{""type"":""MultiPoint"",""coordinates"":[]}"
13_14,1567.3802443865488,Alluri Sitharama Raju,0.39927361494697333,0.0,0.6603947482660883,0.14342438841824118,2014.0,"{""type"":""MultiPoint"",""coordinates"":[]}"
13_15,1514.849856577685,Alluri Sitharama Raju,0.41717277650409446,0.0,0.6795576939072019,0.1429856928738939,2015.0,"{""type"":""MultiPoint"",""coordinates"":[]}"
13_16,1520.8729439454182,Alluri Sitharama Raju,0.40878459747899537,0.0,0.658230975634139,0.13452908771111416,2016.0,"{""type"":""MultiPoint"",""coordinates"":[]}"
13_17,1531.8508875285788,Alluri Sitharama Raju,0.41848074177252315,0.0,0.6652083077189643,0.13506848712276848,2017.0,"{""type"":""MultiPoint"",""coordinates"":[]}"
13_18,1667.3762579719066,Alluri Sitharama Raju,0.39575515604103656,0.0,0.6436403527807023,0.14613106152465677,2018.0,"{""type"":""MultiPoint"",""coordinates"":[]}"
13_19,1663.5293091644135,Alluri Sitharama Raju,0.41704119495576947,0.0,0.6744417084649593,0.135354333519653,2019.0,"{""type"":""MultiPoint"",""coordinates"":[]}"
13_20,1661.2865958544758,Alluri Sitharama Raju,0.4480903551466434,0.0,0.7133585539545653,0.15978078283310124,2020.0,"{""type"":""MultiPoint"",""coordinates"":[]}"
13_21,1733.4461953235573,Alluri Sitharama Raju,0.4426388212614804,0.0,0.7082968483998241,0.1564417104760244,2021.0,"{""type"":""MultiPoint"",""coordinates"":[]}"
13_22,1580.265812317611,Alluri Sitharama Raju,0.4302885842785992,5.947876608050927E-4,0.697146633665676,0.18398875458143843,2022.0,"{""type"":""MultiPoint"",""coordinates"":[]}"
13_23,1347.894381603187,Alluri Sitharama Raju,0.4376766891264465,0.0,0.6990836656203228,0.17229197884765118,2023.0,"{""type"":""MultiPoint"",""coordinates"":[]}"
13_24,1566.8415960591105,Alluri Sitharama Raju,0.4212099537253026,8.496966582929896E-5,0.6831803243116551,0.1827152460562587,2024.0,"{""type"":""MultiPoint"",""coordinates"":[]}"
14_0,1055.255504323425,Anakapalli,0.31091388746036047,0.0,0.510503518923573,0.07082374027142468,2000.0,"{""type"":""MultiPoint"",""coordinates"":[]}"
14_1,1168.035049737133,Anakapalli,0.3080698187904566,0.0,0.49893528674476195,0.06861216831269841,2001.0,"{""type"":""MultiPoint"",""coordinates"":[]}"
14_2,928.863563561603,Anakapalli,0.30353786759150164,0.0,0.5022096678546818,0.037934364199135685,2002.0,"{""type"":""MultiPoint"",""coordinates"":[]}"
14_3,1337.782888278439,Anakapalli,0.2919570218362553,0.0,0.49296654276701485,0.037389989998634146,2003.0,"{""type"":""MultiPoint"",""coordinates"":[]}"
14_4,1080.9123626231276,Anakapalli,0.3235245284106545,3.402786882456735E-4,0.5329201177581334,0.0706127033978554,2004.0,"{""type"":""MultiPoint"",""coordinates"":[]}"
14_5,1654.9690685938008,Anakapalli,0.30048736819612,0.0,0.5060632018978741,0.055755402399542395,2005.0,"{""type"":""MultiPoint"",""coordinates"":[]}"
14_6,1411.6250258195098,Anakapalli,0.32727688453553017,1.7013934412283676E-4,0.5470838956292251,0.08340536831439958,2006.0,"{""type"":""MultiPoint"",""coordinates"":[]}"
14_7,1243.8335776954796,Anakapalli,0.3333601395722462,3.402786882456735E-4,0.5495511658989832,0.07615605851175625,2007.0,"{""type"":""MultiPoint"",""coordinates"":[]}"
14_8,1158.445829195796,Anakapalli,0.3305933407300175,1.7013934412283676E-4,0.5581851821385765,0.09684142972976555,2008.0,"{""type"":""MultiPoint"",""coordinates"":[]}"
14_9,959.0500759836254,Anakapalli,0.301159465559297,0.0,0.5035105024924841,0.06227029123099336,2009.0,"{""type"":""MultiPoint"",""coordinates"":[]}"
14_10,1889.1969005124483,Anakapalli,0.3410789731020426,5.104180323685103E-4,0.5499228146876791,0.10106159309925597,2010.0,"{""type"":""MultiPoint"",""coordinates"":[]}"
14_11,870.566904369795,Anakapalli,0.3430772332953,9.177516385920078E-4,0.5759300498723096,0.09542631351801445,2011.0,"{""type"":""MultiPoint"",""coordinates"":[]}"
14_12,1278.696884350555,Anakapalli,0.3117668725961172,0.0,0.5203513245352882,0.06930205578736041,2012.0,"{""type"":""MultiPoint"",""coordinates"":[]}"
14_13,1332.8566083571043,Anakapalli,0.3244120797828207,0.0,0.5466578099825558,0.06441046307754093,2013.0,"{""type"":""MultiPoint"",""coordinates"":[]}"
14_14,1162.9468399376924,Anakapalli,0.3313076622372143,0.0,0.555328528648493,0.07973407843413582,2014.0,"{""type"":""MultiPoint"",""coordinates"":[]}"
14_15,1209.2514033588677,Anakapalli,0.33874888316076096,0.0,0.5567012875252821,0.0819184665541877,2015.0,"{""type"":""MultiPoint"",""coordinates"":[]}"
14_16,1105.2613136574912,Anakapalli,0.33998041932701234,4.253483603070919E-4,0.5655808412398126,0.09408687087257603,2016.0,"{""type"":""MultiPoint"",""coordinates"":[]}"
14_17,1182.2348228645806,Anakapalli,0.34054698915392645,0.0,0.570602771593225,0.09813731291248776,2017.0,"{""type"":""MultiPoint"",""coordinates"":[]}"
14_18,1211.5866277737293,Anakapalli,0.3317956768563615,0.0,0.5538225249696342,0.0966873192666073,2018.0,"{""type"":""MultiPoint"",""coordinates"":[]}"
14_19,1282.8229919898586,Anakapalli,0.3367851475356546,0.0,0.5584778351794464,0.08105496492512852,2019.0,"{""type"":""MultiPoint"",""coordinates"":[]}"
14_20,1299.8754911887686,Anakapalli,0.37663108259258765,8.506967206141838E-5,0.6113289294574354,0.13748877285832298,2020.0,"{""type"":""MultiPoint"",""coordinates"":[]}"
14_21,1463.5239524192912,Anakapalli,0.3534001557623949,8.506967206141838E-5,0.594281871553543,0.10304589399324916,2021.0,"{""type"":""MultiPoint"",""coordinates"":[]}"
14_22,1174.2621259293765,Anakapalli,0.3616070667771892,0.0017928016378747544,0.6036272847917727,0.13964357562797547,2022.0,"{""type"":""MultiPoint"",""coordinates"":[]}"
14_23,921.6447751420945,Anakapalli,0.3605557506185994,0.0023008844243435395,0.5915497726306655,0.12048022533632897,2023.0,"{""type"":""MultiPoint"",""coordinates"":[]}"
14_24,1186.961455346046,Anakapalli,0.37654468101882044,0.013208484415402892,0.6136640584059048,0.1477893597810867,2024.0,"{""type"":""MultiPoint"",""coordinates"":[]}"
15_0,980.9253811522776,Bapatla,0.28323014650876843,8.587379448346743E-5,0.4839351851106795,0.07827484448804505,2000.0,"{""type"":""MultiPoint"",""coordinates"":[]}"
15_1,871.8888933726806,Bapatla,0.29688333948129975,0.0,0.488476564817638,0.049158401244218886,2001.0,"{""type"":""MultiPoint"",""coordinates"":[]}"
15_2,966.8478426363405,Bapatla,0.27328248438838515,0.0,0.44991654885896637,0.011701227645995868,2002.0,"{""type"":""MultiPoint"",""coordinates"":[]}"
15_3,897.6942536909604,Bapatla,0.2618633457609744,0.0,0.4432748473031562,0.08217959680208539,2003.0,"{""type"":""MultiPoint"",""coordinates"":[]}"
15_4,836.7192522006129,Bapatla,0.28561728623172156,0.0,0.4682128314897682,0.018399593608464066,2004.0,"{""type"":""MultiPoint"",""coordinates"":[]}"
15_5,1243.7518619291868,Bapatla,0.2746423926725262,0.0,0.44582320983883095,0.02524420295371831,2005.0,"{""type"":""MultiPoint"",""coordinates"":[]}"
15_6,1070.7796021021195,Bapatla,0.2900165703848162,0.0,0.48669994499055114,0.05922680359691591,2006.0,"{""type"":""MultiPoint"",""coordinates"":[]}"
15_7,1062.9863218690423,Bapatla,0.2989168587037164,2.5762138345040227E-4,0.49065962050910716,0.06435331643741268,2007.0,"{""type"":""MultiPoint"",""coordinates"":[]}"
15_8,869.4320976190807,Bapatla,0.2985787559398208,8.587379448346743E-5,0.48970080123882836,0.05573457949306032,2008.0,"{""type"":""MultiPoint"",""coordinates"":[]}"
15_9,718.5786498347346,Bapatla,0.28743253781864914,0.0,0.46353769356949137,0.028886380154099306,2009.0,"{""type"":""MultiPoint"",""coordinates"":[]}"
15_10,1511.7474211285673,Bapatla,0.3086044954940795,4.293689724173371E-4,0.49973510779291697,0.07460626706155511,2010.0,"{""type"":""MultiPoint"",""coordinates"":[]}"
15_11,701.6142185167106,Bapatla,0.2978628765060374,6.011165613842719E-4,0.48455629956615126,0.04382590987227162,2011.0,"{""type"":""MultiPoint"",""coordinates"":[]}"
15_12,1027.3191062006617,Bapatla,0.29422497703365763,9.446117393181417E-4,0.4708177665395785,0.043468461622937285,2012.0,"{""type"":""MultiPoint"",""coordinates"":[]}"
15_13,1072.94089146724,Bapatla,0.29890653474427853,0.0012022331227685438,0.4894552956732269,0.07928778150402359,2013.0,"{""type"":""MultiPoint"",""coordinates"":[]}"
15_14,728.7917331382178,Bapatla,0.2988246091589614,7.728641503512068E-4,0.4793879335500256,0.03999126468369943,2014.0,"{""type"":""MultiPoint"",""coordinates"":[]}"
15_15,760.2540179536592,Bapatla,0.30139620286830177,8.587379448346742E-4,0.4901225710406684,0.01890727871230038,2015.0,"{""type"":""MultiPoint"",""coordinates"":[]}"
15_16,805.8756794641566,Bapatla,0.28448967500401395,0.001030485533801609,0.4718463647150526,0.05007217350158181,2016.0,"{""type"":""MultiPoint"",""coordinates"":[]}"
15_17,835.1282665365708,Bapatla,0.29717524550533303,0.0012022331227685438,0.48197370985694615,0.04218399731762316,2017.0,"{""type"":""MultiPoint"",""coordinates"":[]}"
15_18,802.2312900293542,Bapatla,0.28659031653964845,9.446117393181417E-4,0.4556262447946414,0.02628944359660679,2018.0,"{""type"":""MultiPoint"",""coordinates"":[]}"
15_19,965.9967152506505,Bapatla,0.29022701874194917,0.0013739807117354788,0.46492802040502557,0.045989466021266884,2019.0,"{""type"":""MultiPoint"",""coordinates"":[]}"
15_20,1574.402484785178,Bapatla,0.3108080826671649,0.0019750972731197507,0.497082344132586,0.07709964158849995,2020.0,"{""type"":""MultiPoint"",""coordinates"":[]}"
15_21,1160.8290361214383,Bapatla,0.3065421822588415,0.00231859245105362,0.4924990085185984,0.06737030761471634,2021.0,"{""type"":""MultiPoint"",""coordinates"":[]}"
15_22,1163.775979560551,Bapatla,0.30386375624083534,0.003864320751756034,0.4928736936318157,0.09167779549051813,2022.0,"{""type"":""MultiPoint"",""coordinates"":[]}"
15_23,848.2512828413467,Bapatla,0.30940331582244307,0.00231859245105362,0.49681975630429265,0.0743070311898093,2023.0,"{""type"":""MultiPoint"",""coordinates"":[]}"
15_24,1106.8964233900954,Bapatla,0.30580386461085773,0.0024044662455370877,0.4941054883165423,0.08078889473480473,2024.0,"{""type"":""MultiPoint"",""coordinates"":[]}"
16_0,1280.1679506202538,Eluru,0.30644359402157106,0.004532633958366174,0.5252931346410121,0.1345108744318141,2000.0,"{""type"":""MultiPoint"",""coordinates"":[]}"
16_1,1136.9402745706634,Eluru,0.314155405155525,0.007687199627059643,0.5252409648743872,0.1395350362405678,2001.0,"{""type"":""MultiPoint"",""coordinates"":[]}"
16_2,926.222286948999,Eluru,0.29748796287725204,0.0017104279088174241,0.5066768799724363,0.11892239224711972,2002.0,"{""type"":""MultiPoint"",""coordinates"":[]}"
16_3,1150.0292260540211,Eluru,0.2757266116716596,0.0,0.47290171914177703,0.11024899959182281,2003.0,"{""type"":""MultiPoint"",""coordinates"":[]}"
16_4,1032.121286638152,Eluru,0.2944391571225868,0.011887473966281098,0.49745622891794694,0.1265156469911069,2004.0,"{""type"":""MultiPoint"",""coordinates"":[]}"
16_5,1447.1513811355992,Eluru,0.2943899906895755,0.0010262567452904545,0.4920756132605133,0.11875714463287342,2005.0,"{""type"":""MultiPoint"",""coordinates"":[]}"
16_6,1303.7417451116548,Eluru,0.31810212507540575,0.030018009799745796,0.5364456376836085,0.16825414377708345,2006.0,"{""type"":""MultiPoint"",""coordinates"":[]}"
16_7,1351.0957322077122,Eluru,0.33191650891041646,0.025912982818583976,0.5471136137461569,0.1602019100627589,2007.0,"{""type"":""MultiPoint"",""coordinates"":[]}"
16_8,1086.3708941835353,Eluru,0.32165351320966845,0.022150041419185643,0.5375725704240626,0.16256404571372296,2008.0,"{""type"":""MultiPoint"",""coordinates"":[]}"
16_9,825.0639867463445,Eluru,0.31552987185197434,0.006585147448947083,0.5215635628116071,0.1422645608315314,2009.0,"{""type"":""MultiPoint"",""coordinates"":[]}"
16_10,1870.0128180330123,Eluru,0.33901697985379703,0.02049763390805948,0.552702229281062,0.17825307799118492,2010.0,"{""type"":""MultiPoint"",""coordinates"":[]}"
16_11,867.8271193390507,Eluru,0.3444362714610441,0.03138635212679974,0.5635889658720608,0.1787502391134548,2011.0,"{""type"":""MultiPoint"",""coordinates"":[]}"
16_12,1490.9460910032853,Eluru,0.3178006322324051,0.0022235562814626516,0.5284232773701665,0.1518884089656229,2012.0,"{""type"":""MultiPoint"",""coordinates"":[]}"
16_13,1344.059816836685,Eluru,0.33684229102858726,0.04093758279644903,0.5602480643863725,0.17470357982335621,2013.0,"{""type"":""MultiPoint"",""coordinates"":[]}"
16_14,1022.7057990920425,Eluru,0.33002541527982887,0.01854405693377291,0.5506044531623471,0.1665867735626759,2014.0,"{""type"":""MultiPoint"",""coordinates"":[]}"
16_15,1028.8775875100628,Eluru,0.3206843601296478,0.007772721022500515,0.5366086447205369,0.15823187238729708,2015.0,"{""type"":""MultiPoint"",""coordinates"":[]}"
16_16,1046.0182518544154,Eluru,0.31690621114228024,0.0017104279088174241,0.5287602361570026,0.1489329614540319,2016.0,"{""type"":""MultiPoint"",""coordinates"":[]}"
16_17,1061.2071537755521,Eluru,0.3177242552554482,0.0029077274449896212,0.5315524770559756,0.15195095067999762,2017.0,"{""type"":""MultiPoint"",""coordinates"":[]}"
16_18,1160.2384455762688,Eluru,0.29900806963857957,0.0017104279088174241,0.503047498404662,0.14761526518858595,2018.0,"{""type"":""MultiPoint"",""coordinates"":[]}"
16_19,1144.4153990896589,Eluru,0.31695376494218164,0.002394599072344394,0.532448840478704,0.15359393046253209,2019.0,"{""type"":""MultiPoint"",""coordinates"":[]}"
16_20,1628.5178372777468,Eluru,0.32014732670736934,0.0029932488404304926,0.5460909417660201,0.16547555865037997,2020.0,"{""type"":""MultiPoint"",""coordinates"":[]}"
16_21,1408.0959938301664,Eluru,0.3146851143545556,0.014709680015829849,0.5510548649876597,0.17394236804199076,2021.0,"{""type"":""MultiPoint"",""coordinates"":[]}"
16_22,1366.2158150570704,Eluru,0.313373848427446,0.026254733022326126,0.5419699381272616,0.1913234642310322,2022.0,"{""type"":""MultiPoint"",""coordinates"":[]}"
16_23,935.207764609868,Eluru,0.3221046067485822,0.023090776769035228,0.5506544492159248,0.18622743564967822,2023.0,"{""type"":""MultiPoint"",""coordinates"":[]}"
16_24,1361.8980104095754,Eluru,0.3250236880327947,0.005558890703656629,0.5520062559615568,0.18190668030387885,2024.0,"{""type"":""MultiPoint"",""coordinates"":[]}"
17_0,1248.8115759711893,Konaseema,0.3402913907256653,0.0029915642914819366,0.559877058698085,0.16765071775076806,2000.0,"{""type"":""MultiPoint"",""coordinates"":[]}"
17_1,1141.379988645499,Konaseema,0.3672427836543797,0.003782275794406966,0.577126531415593,0.18224596430977255,2001.0,"{""type"":""MultiPoint"",""coordinates"":[]}"
17_2,937.7649539715723,Konaseema,0.360975339759717,0.010278243970196313,0.5695025573082689,0.17087018125122375,2002.0,"{""type"":""MultiPoint"",""coordinates"":[]}"
17_3,1290.310026789164,Konaseema,0.3485042975572313,0.006325021644847523,0.557456868698114,0.16717602257307784,2003.0,"{""type"":""MultiPoint"",""coordinates"":[]}"
17_4,1020.0827490948251,Konaseema,0.37508861891979745,0.042722219596572894,0.5800890257650523,0.1944557216141824,2004.0,"{""type"":""MultiPoint"",""coordinates"":[]}"
17_5,1549.5104584622761,Konaseema,0.369916721535447,0.014320961832332293,0.5709028880900336,0.17611556618917248,2005.0,"{""type"":""MultiPoint"",""coordinates"":[]}"
17_6,1346.0611938607244,Konaseema,0.3652368730388045,0.03478259120751603,0.5802722094527989,0.20284968257345307,2006.0,"{""type"":""MultiPoint"",""coordinates"":[]}"
17_7,1317.1068121119729,Konaseema,0.3739883686781474,0.026550342580199903,0.5895775391151566,0.19202809289978043,2007.0,"{""type"":""MultiPoint"",""coordinates"":[]}"
17_8,1085.7186564335668,Konaseema,0.3677382359878182,0.028863148587059885,0.5758023998737088,0.19412924131717862,2008.0,"{""type"":""MultiPoint"",""coordinates"":[]}"
17_9,877.0935564438577,Konaseema,0.36340996744992893,0.02380480721756366,0.5573670582106474,0.17583251855209775,2009.0,"{""type"":""MultiPoint"",""coordinates"":[]}"
17_10,1946.4251577265293,Konaseema,0.35650495067651355,0.034729296112575324,0.5610165957116519,0.1880752586586253,2010.0,"{""type"":""MultiPoint"",""coordinates"":[]}"
17_11,932.1265517745777,Konaseema,0.37558958246420115,0.039028433771124055,0.585948937183992,0.19568660175184008,2011.0,"{""type"":""MultiPoint"",""coordinates"":[]}"
17_12,1454.2396043408885,Konaseema,0.3513256959449094,0.030203235313933246,0.5455428204127023,0.16184964153612869,2012.0,"{""type"":""MultiPoint"",""coordinates"":[]}"
17_13,1456.2052998273412,Konaseema,0.37122483730429623,0.0422904958086257,0.5836484378888958,0.20200192487968605,2013.0,"{""type"":""MultiPoint"",""coordinates"":[]}"
17_14,1015.0518270700175,Konaseema,0.38201582843467313,0.022143273974664396,0.5883523611838052,0.19655256026694007,2014.0,"{""type"":""MultiPoint"",""coordinates"":[]}"
17_15,1068.9034047951461,Konaseema,0.3759557470885075,0.049121988450047914,0.5889065629009005,0.20449154024931449,2015.0,"{""type"":""MultiPoint"",""coordinates"":[]}"
17_16,1050.5503067361701,Konaseema,0.3639023954906293,0.037373269124475555,0.5772124125938741,0.19370167321417697,2016.0,"{""type"":""MultiPoint"",""coordinates"":[]}"
17_17,1053.4463792885422,Konaseema,0.3758912665532973,0.021829201622718335,0.5826763558490831,0.19056569247366692,2017.0,"{""type"":""MultiPoint"",""coordinates"":[]}"
17_18,1080.2834185187544,Konaseema,0.36928209791996136,0.02067581532277555,0.5731606356065494,0.18850622152699123,2018.0,"{""type"":""MultiPoint"",""coordinates"":[]}"
17_19,1138.2548066282388,Konaseema,0.38424876167993827,0.02040900465879576,0.5868644988176223,0.18878794145359148,2019.0,"{""type"":""MultiPoint"",""coordinates"":[]}"
17_20,1565.8220002954615,Konaseema,0.3744131903582964,0.0,0.5840579890831131,0.1819021308713017,2020.0,"{""type"":""MultiPoint"",""coordinates"":[]}"
17_21,1378.7204171696635,Konaseema,0.3707874737487197,3.0602780931350234E-4,0.5931514084976174,0.19155800704304018,2021.0,"{""type"":""MultiPoint"",""coordinates"":[]}"
17_22,1262.43400325355,Konaseema,0.36035185904764505,2.5641979641273743E-4,0.5799765161402339,0.21033902446486336,2022.0,"{""type"":""MultiPoint"",""coordinates"":[]}"
17_23,900.7415239241576,Konaseema,0.38144579379417054,6.837861237672998E-4,0.5936841100269626,0.20760868321115483,2023.0,"{""type"":""MultiPoint"",""coordinates"":[]}"
17_24,1331.64003623524,Konaseema,0.3917605872439578,0.0,0.5970850955286808,0.20154796792056015,2024.0,"{""type"":""MultiPoint"",""coordinates"":[]}"
18_0,994.7882727896093,Nandyal,0.27941635258079295,0.0,0.4620542166577726,0.03867533271035873,2000.0,"{""type"":""MultiPoint"",""coordinates"":[]}"
18_1,793.6575809575302,Nandyal,0.2444656848941847,0.0,0.413806736102581,-0.005034677944544548,2001.0,"{""type"":""MultiPoint"",""coordinates"":[]}"
18_2,747.0858396912329,Nandyal,0.26879667968407256,0.0,0.45297581636638407,0.016003113402027626,2002.0,"{""type"":""MultiPoint"",""coordinates"":[]}"
18_3,584.3581663277483,Nandyal,0.2485970357841428,0.0,0.41455625383311656,-0.008633335855115314,2003.0,"{""type"":""MultiPoint"",""coordinates"":[]}"
18_4,707.9478765388965,Nandyal,0.2580304667081371,0.0,0.42863115868043156,-0.004782489872194327,2004.0,"{""type"":""MultiPoint"",""coordinates"":[]}"
18_5,995.7872493077452,Nandyal,0.26977340938369165,0.0,0.4441679353912807,0.018012923343315976,2005.0,"{""type"":""MultiPoint"",""coordinates"":[]}"
18_6,693.3257362076985,Nandyal,0.2907827343099318,0.0,0.46983051618761457,0.032484086388092206,2006.0,"{""type"":""MultiPoint"",""coordinates"":[]}"
18_7,1113.2767511304437,Nandyal,0.2689142272192024,0.0,0.44412948155582527,0.03008256993473292,2007.0,"{""type"":""MultiPoint"",""coordinates"":[]}"
18_8,717.5928202331245,Nandyal,0.2888868881143263,0.0,0.472810784068713,0.04641179133790681,2008.0,"{""type"":""MultiPoint"",""coordinates"":[]}"
18_9,711.4594952011405,Nandyal,0.2747777493814147,0.0,0.4471908887965923,0.029591513982418185,2009.0,"{""type"":""MultiPoint"",""coordinates"":[]}"
18_10,1182.6161982183985,Nandyal,0.30248876559175225,0.0,0.4944239983504384,0.06568862586549346,2010.0,"{""type"":""MultiPoint"",""coordinates"":[]}"
18_11,644.756564170562,Nandyal,0.2985462650705118,0.0,0.4845670427869855,0.05965190072802182,2011.0,"{""type"":""MultiPoint"",""coordinates"":[]}"
18_12,741.1946524706664,Nandyal,0.2816355939320796,0.0,0.45919703470423395,0.041444984816296236,2012.0,"{""type"":""MultiPoint"",""coordinates"":[]}"
18_13,868.7734680506354,Nandyal,0.29241653148677926,0.0,0.47836065744424233,0.04670194785868815,2013.0,"{""type"":""MultiPoint"",""coordinates"":[]}"
18_14,702.2939289768185,Nandyal,0.3073168433443172,0.0,0.49620489910948057,0.06754007833598993,2014.0,"{""type"":""MultiPoint"",""coordinates"":[]}"
18_15,682.4636482042478,Nandyal,0.27629240703443825,0.0,0.4563428829819371,0.026193452957724003,2015.0,"{""type"":""MultiPoint"",""coordinates"":[]}"
18_16,663.2170399438988,Nandyal,0.275654627737289,0.0,0.4616312487147959,0.03834007593507551,2016.0,"{""type"":""MultiPoint"",""coordinates"":[]}"
18_17,893.0275118441185,Nandyal,0.2982296907616504,0.0,0.48837281252010717,0.05942328171721427,2017.0,"{""type"":""MultiPoint"",""coordinates"":[]}"
18_18,637.5891104797108,Nandyal,0.287330360348327,0.0,0.4641468425836771,0.05894263998868675,2018.0,"{""type"":""MultiPoint"",""coordinates"":[]}"
18_19,860.9315136792316,Nandyal,0.2845666837621619,0.0,0.4540683662934721,0.03334036947538398,2019.0,"{""type"":""MultiPoint"",""coordinates"":[]}"
18_20,1128.632671538286,Nandyal,0.31903197384009874,0.0,0.5216908314918636,0.07703413120928757,2020.0,"{""type"":""MultiPoint"",""coordinates"":[]}"
18_21,884.2268171621558,Nandyal,0.3334632579669181,0.0,0.5440718558780148,0.09394155791603848,2021.0,"{""type"":""MultiPoint"",""coordinates"":[]}"
18_22,974.1601406493826,Nandyal,0.3289965578568124,0.0,0.5181435621661008,0.07976440895367982,2022.0,"{""type"":""MultiPoint"",""coordinates"":[]}"
18_23,611.5224360689606,Nandyal,0.32762418264369925,0.0,0.5153762851369841,0.0864982017381631,2023.0,"{""type"":""MultiPoint"",""coordinates"":[]}"
18_24,844.8647434046643,Nandyal,0.3179325821327224,0.0,0.5055324864370166,0.09046216840195831,2024.0,"{""type"":""MultiPoint"",""coordinates"":[]}"
19_0,1245.085574102611,NTR,0.29888847550968034,0.0,0.5095877580009591,0.10133473449364801,2000.0,"{""type"":""MultiPoint"",""coordinates"":[]}"
19_1,1013.7216331417093,NTR,0.30370412800313595,0.0,0.502672431448308,0.09267397115609297,2001.0,"{""type"":""MultiPoint"",""coordinates"":[]}"
19_2,956.8066322069142,NTR,0.30245050565767406,0.0,0.5019088827671636,0.07655067105483813,2002.0,"{""type"":""MultiPoint"",""coordinates"":[]}"
19_3,994.4366410968362,NTR,0.30059115274153103,0.0,0.5003008584847655,0.10341498554107098,2003.0,"{""type"":""MultiPoint"",""coordinates"":[]}"
19_4,960.1502484253499,NTR,0.31901561601654627,0.0,0.5217386443554826,0.09395414083036008,2004.0,"{""type"":""MultiPoint"",""coordinates"":[]}"
19_5,1332.0379248791082,NTR,0.3157175310471734,0.0,0.5074262530519136,0.0947334930441978,2005.0,"{""type"":""MultiPoint"",""coordinates"":[]}"
19_6,1225.9256298606808,NTR,0.3184860390980484,0.0,0.5303027412174717,0.11189441538014286,2006.0,"{""type"":""MultiPoint"",""coordinates"":[]}"
19_7,1311.566817311381,NTR,0.32998419384301214,0.0,0.532460388776569,0.10908619277326492,2007.0,"{""type"":""MultiPoint"",""coordinates"":[]}"
19_8,1045.3705910251585,NTR,0.32210879553928556,0.0,0.5323342341622732,0.11683703243814389,2008.0,"{""type"":""MultiPoint"",""coordinates"":[]}"
19_9,840.4379658596174,NTR,0.3047901946332874,0.0,0.4985354671888035,0.08875739720319777,2009.0,"{""type"":""MultiPoint"",""coordinates"":[]}"
19_10,1711.6951794809545,NTR,0.3379919799128633,0.0,0.5454403802652215,0.12983782113115963,2010.0,"{""type"":""MultiPoint"",""coordinates"":[]}"
19_11,795.4033976854054,NTR,0.33195784430008257,0.0,0.5370605877214663,0.11956302229770192,2011.0,"{""type"":""MultiPoint"",""coordinates"":[]}"
19_12,1334.9832365651562,NTR,0.3336802344670152,0.0,0.5354145548391176,0.11559958334845352,2012.0,"{""type"":""MultiPoint"",""coordinates"":[]}"
19_13,1203.2218048693164,NTR,0.34114976282788,0.0,0.5532281993288498,0.12134891083440252,2013.0,"{""type"":""MultiPoint"",""coordinates"":[]}"
19_14,863.8556835147131,NTR,0.3385335764795068,0.0,0.5466221380932446,0.1123642289781619,2014.0,"{""type"":""MultiPoint"",""coordinates"":[]}"
19_15,888.8604212458059,NTR,0.32493433263345284,0.0,0.5308031736202857,0.1007948987686063,2015.0,"{""type"":""MultiPoint"",""coordinates"":[]}"
19_16,925.9788521609065,NTR,0.3201336509761651,0.0,0.5199790592008473,0.09033056316604737,2016.0,"{""type"":""MultiPoint"",""coordinates"":[]}"
19_17,1021.0536263658618,NTR,0.3375882368445554,0.0,0.5369239786384001,0.1005646964494559,2017.0,"{""type"":""MultiPoint"",""coordinates"":[]}"
19_18,1056.5077809837903,NTR,0.314652931246039,0.0,0.5084244537433829,0.09390823243664961,2018.0,"{""type"":""MultiPoint"",""coordinates"":[]}"
19_19,1035.752191507866,NTR,0.3412669539134291,0.0,0.5392949417115948,0.10644438710763651,2019.0,"{""type"":""MultiPoint"",""coordinates"":[]}"
19_20,1583.773741580755,NTR,0.35393959519193957,0.0,0.5555475182063166,0.12015468984870077,2020.0,"{""type"":""MultiPoint"",""coordinates"":[]}"
19_21,1328.2887235051253,NTR,0.3494860029292997,0.0,0.562879441495456,0.13029033573878815,2021.0,"{""type"":""MultiPoint"",""coordinates"":[]}"
19_22,1325.6222617069259,NTR,0.3408287854460456,0.0,0.5455638596786806,0.12187634225194222,2022.0,"{""type"":""MultiPoint"",""coordinates"":[]}"
19_23,961.1566700255585,NTR,0.3460263776903379,0.0,0.5500564566865537,0.13753911618941306,2023.0,"{""type"":""MultiPoint"",""coordinates"":[]}"
19_24,1315.8187799872458,NTR,0.3403126380968235,0.0,0.5463669659174715,0.13212801951289233,2024.0,"{""type"":""MultiPoint"",""coordinates"":[]}"
20_0,936.4517829719716,Palnadu,0.2605473310331837,0.0,0.4315607392638307,0.028510050460580333,2000.0,"{""type"":""MultiPoint"",""coordinates"":[]}"
20_1,756.0077919550524,Palnadu,0.2505081541343361,0.0,0.4114910601113718,-0.003039900948818432,2001.0,"{""type"":""MultiPoint"",""coordinates"":[]}"
20_2,731.6179384937889,Palnadu,0.24627636459094357,0.0,0.40797001950632206,-0.014534839729434106,2002.0,"{""type"":""MultiPoint"",""coordinates"":[]}"
20_3,672.4949019271498,Palnadu,0.25448739670448134,0.0,0.4157397432006041,0.018357577006623285,2003.0,"{""type"":""MultiPoint"",""coordinates"":[]}"
20_4,683.5603764227225,Palnadu,0.26385096372521605,0.0,0.4360589892547354,3.276272588526746E-4,2004.0,"{""type"":""MultiPoint"",""coordinates"":[]}"
20_5,1019.863853381108,Palnadu,0.2722582618161203,0.0,0.43376363994407513,0.015295782665929585,2005.0,"{""type"":""MultiPoint"",""coordinates"":[]}"
20_6,817.1930494608904,Palnadu,0.26745680114446235,0.0,0.4403130566713013,0.01894010365191208,2006.0,"{""type"":""MultiPoint"",""coordinates"":[]}"
20_7,1047.032865196264,Palnadu,0.2773549758286269,0.0,0.4478345628758892,0.0390580147388216,2007.0,"{""type"":""MultiPoint"",""coordinates"":[]}"
20_8,746.9366753617134,Palnadu,0.2698864634979565,0.0,0.4507304733509519,0.03063558892801859,2008.0,"{""type"":""MultiPoint"",""coordinates"":[]}"
20_9,655.0760351681691,Palnadu,0.24248040694036627,0.0,0.4002744095185265,-0.0033890402780673828,2009.0,"{""type"":""MultiPoint"",""coordinates"":[]}"
20_10,1255.8296002093691,Palnadu,0.31185143244835495,0.0,0.49541297228221276,0.06775767103682355,2010.0,"{""type"":""MultiPoint"",""coordinates"":[]}"
20_11,595.717111308494,Palnadu,0.2843473716849548,0.0,0.4610133211689975,0.03750065363938864,2011.0,"{""type"":""MultiPoint"",""coordinates"":[]}"
20_12,879.0801319783158,Palnadu,0.2727079411526389,0.0,0.44201773878690687,0.01931810034464686,2012.0,"{""type"":""MultiPoint"",""coordinates"":[]}"
20_13,877.3080390727787,Palnadu,0.2989983189202089,0.0,0.4773283727472635,0.043193916336760826,2013.0,"{""type"":""MultiPoint"",""coordinates"":[]}"
20_14,661.779471431915,Palnadu,0.2769553424588854,0.0,0.45144486144911056,0.022950488566121276,2014.0,"{""type"":""MultiPoint"",""coordinates"":[]}"
20_15,647.1053592572912,Palnadu,0.2657788690028512,0.0,0.44010001982112346,0.009683726501451351,2015.0,"{""type"":""MultiPoint"",""coordinates"":[]}"
20_16,726.9699994761605,Palnadu,0.23667608856950426,0.0,0.39692857318267116,-0.014802296178634123,2016.0,"{""type"":""MultiPoint"",""coordinates"":[]}"
20_17,738.7879611619167,Palnadu,0.29682004043037186,0.0,0.46789943565196856,0.039436090726757175,2017.0,"{""type"":""MultiPoint"",""coordinates"":[]}"
20_18,665.6556443710014,Palnadu,0.25195327054449695,0.0,0.4124250053650619,0.007472309713889543,2018.0,"{""type"":""MultiPoint"",""coordinates"":[]}"
20_19,791.9899011833772,Palnadu,0.29955282479558826,0.0,0.46332074238671944,0.02836881433272194,2019.0,"{""type"":""MultiPoint"",""coordinates"":[]}"
20_20,1147.6156871623684,Palnadu,0.30973306809289264,0.0,0.4970370454683839,0.04710742759946177,2020.0,"{""type"":""MultiPoint"",""coordinates"":[]}"
20_21,922.2074851097645,Palnadu,0.30401297553909856,0.0,0.5007090908673771,0.059319067315323236,2021.0,"{""type"":""MultiPoint"",""coordinates"":[]}"
20_22,995.6095008796422,Palnadu,0.309789150726946,0.0,0.501640442793394,0.06293390844801396,2022.0,"{""type"":""MultiPoint"",""coordinates"":[]}"
20_23,672.2592632217485,Palnadu,0.28719449657091844,0.0,0.46876603354347646,0.03742801019287925,2023.0,"{""type"":""MultiPoint"",""coordinates"":[]}"
20_24,890.1793680906998,Palnadu,0.3053352170228425,0.0,0.48672790947465494,0.07823973205968837,2024.0,"{""type"":""MultiPoint"",""coordinates"":[]}"
21_0,1363.5541279576576,Parvathipuram Manyam,0.3538011786344664,0.0,0.5600549811736519,0.09543437612091323,2000.0,"{""type"":""MultiPoint"",""coordinates"":[]}"
21_1,1525.2171091344837,Parvathipuram Manyam,0.3599799494116332,0.0,0.5576401533033722,0.10332378254817447,2001.0,"{""type"":""MultiPoint"",""coordinates"":[]}"
21_2,1329.0671483708588,Parvathipuram Manyam,0.36257719652394765,0.0,0.5616922490108435,0.09999396048188638,2002.0,"{""type"":""MultiPoint"",""coordinates"":[]}"
21_3,1746.4119322803544,Parvathipuram Manyam,0.34422890113847066,0.0,0.5471244434755239,0.07799365073244074,2003.0,"{""type"":""MultiPoint"",""coordinates"":[]}"
21_4,1563.9236820935348,Parvathipuram Manyam,0.3727564625097079,8.453657052040713E-5,0.5890598235672958,0.12570019994595863,2004.0,"{""type"":""MultiPoint"",""coordinates"":[]}"
21_5,1938.9572399599178,Parvathipuram Manyam,0.3471630386990291,0.0,0.55665931592655,0.08800318819199894,2005.0,"{""type"":""MultiPoint"",""coordinates"":[]}"
21_6,1872.5704224359226,Parvathipuram Manyam,0.37144718558144296,2.5360971156122137E-4,0.5911740695002695,0.12372851285214104,2006.0,"{""type"":""MultiPoint"",""coordinates"":[]}"
21_7,1603.2833096180482,Parvathipuram Manyam,0.37378474060891753,6.76292564163257E-4,0.5834184009023647,0.11583884068543929,2007.0,"{""type"":""MultiPoint"",""coordinates"":[]}"
21_8,1556.2655089427956,Parvathipuram Manyam,0.3608165260562468,5.917559936428499E-4,0.5770078488219187,0.11145669902562437,2008.0,"{""type"":""MultiPoint"",""coordinates"":[]}"
21_9,1369.0598485414876,Parvathipuram Manyam,0.3435131883379545,0.0010144388462448855,0.5400680780863022,0.09517027367194471,2009.0,"{""type"":""MultiPoint"",""coordinates"":[]}"
21_10,1858.3495096631693,Parvathipuram Manyam,0.3789576126994065,0.001352585128326514,0.5854155810910153,0.12959038638253734,2010.0,"{""type"":""MultiPoint"",""coordinates"":[]}"
21_11,1262.161803511434,Parvathipuram Manyam,0.38414159800802733,0.0011835119872856997,0.6054019916752084,0.13594897559319893,2011.0,"{""type"":""MultiPoint"",""coordinates"":[]}"
21_12,1702.918600878829,Parvathipuram Manyam,0.35549086037796396,0.0,0.5757508241025978,0.10408363773890303,2012.0,"{""type"":""MultiPoint"",""coordinates"":[]}"
21_13,1710.0947183653307,Parvathipuram Manyam,0.385141143168017,0.0018598045514489567,0.6050044489649601,0.12840451013504356,2013.0,"{""type"":""MultiPoint"",""coordinates"":[]}"
21_14,1665.2040089808743,Parvathipuram Manyam,0.3838143356433929,3.381462820816285E-4,0.6017114160653931,0.1236643450423865,2014.0,"{""type"":""MultiPoint"",""coordinates"":[]}"
21_15,1446.6611907423337,Parvathipuram Manyam,0.3746209669983228,1.6907314104081425E-4,0.5922903762091223,0.12451820602476843,2015.0,"{""type"":""MultiPoint"",""coordinates"":[]}"
21_16,1591.3181364685124,Parvathipuram Manyam,0.36643489923214523,2.5360971156122137E-4,0.581356059398509,0.11027925580459567,2016.0,"{""type"":""MultiPoint"",""coordinates"":[]}"
21_17,1691.1271617047046,Parvathipuram Manyam,0.3796947280335041,7.608291346836642E-4,0.5922625417082428,0.11755776323678538,2017.0,"{""type"":""MultiPoint"",""coordinates"":[]}"
21_18,1655.385564120838,Parvathipuram Manyam,0.37245790982235133,0.001352585128326514,0.5928645144674909,0.12626155118587654,2018.0,"{""type"":""MultiPoint"",""coordinates"":[]}"
21_19,1681.4108646186178,Parvathipuram Manyam,0.3850227915190831,8.453657052040713E-5,0.597662111912367,0.1129986951970606,2019.0,"{""type"":""MultiPoint"",""coordinates"":[]}"
21_20,1604.7646001229675,Parvathipuram Manyam,0.41621043440044325,0.002874243397693842,0.6462158986358444,0.1480015360173902,2020.0,"{""type"":""MultiPoint"",""coordinates"":[]}"
21_21,1769.5609198418463,Parvathipuram Manyam,0.3948180765391892,0.0049876576607040205,0.6283106916410404,0.1414295232848194,2021.0,"{""type"":""MultiPoint"",""coordinates"":[]}"
21_22,1676.2003838509795,Parvathipuram Manyam,0.40375744677159675,0.002197950833530585,0.6259907863044302,0.14231028675387308,2022.0,"{""type"":""MultiPoint"",""coordinates"":[]}"
21_23,1250.8359635947545,Parvathipuram Manyam,0.39660480577329316,0.0010989754167652925,0.6267511302982528,0.15144831723233054,2023.0,"{""type"":""MultiPoint"",""coordinates"":[]}"
21_24,1505.7332730970988,Parvathipuram Manyam,0.3898116154660862,0.0011835119872856997,0.6205965979218302,0.15192472741195362,2024.0,"{""type"":""MultiPoint"",""coordinates"":[]}"
22_0,750.2160706679729,Sri Sathya Sai,0.2484634463410988,0.0,0.3840828634602843,-0.03381810081315323,2000.0,"{""type"":""MultiPoint"",""coordinates"":[]}"
22_1,756.9425750286141,Sri Sathya Sai,0.23163514757597092,0.0,0.3647635745328674,-0.06315798710807359,2001.0,"{""type"":""MultiPoint"",""coordinates"":[]}"
22_2,467.5506154338367,Sri Sathya Sai,0.22115117035119444,0.0,0.3457126731052407,-0.06568090927740323,2002.0,"{""type"":""MultiPoint"",""coordinates"":[]}"
22_3,395.8630653035633,Sri Sathya Sai,0.20837950964222524,0.0,0.3129617905206196,-0.08983093563816633,2003.0,"{""type"":""MultiPoint"",""coordinates"":[]}"
22_4,545.5531729844535,Sri Sathya Sai,0.2337546532819014,0.0,0.35615749987876083,-0.06636663482811855,2004.0,"{""type"":""MultiPoint"",""coordinates"":[]}"
22_5,948.7431993722192,Sri Sathya Sai,0.2432529726059183,0.0,0.3804044419977616,-0.045482254656337005,2005.0,"{""type"":""MultiPoint"",""coordinates"":[]}"
22_6,535.2639825222615,Sri Sathya Sai,0.24547940594337617,0.0,0.37263695717300943,-0.05558210274631005,2006.0,"{""type"":""MultiPoint"",""coordinates"":[]}"
22_7,766.6700237320268,Sri Sathya Sai,0.25313661093986584,0.0,0.38665692537671237,-0.042277644798618695,2007.0,"{""type"":""MultiPoint"",""coordinates"":[]}"
22_8,597.7161685192493,Sri Sathya Sai,0.2570923192261204,0.0,0.40841336296546027,-0.03433030942261278,2008.0,"{""type"":""MultiPoint"",""coordinates"":[]}"
22_9,583.5993555049141,Sri Sathya Sai,0.23978451659022987,0.0,0.3711798561246452,-0.057181547385695586,2009.0,"{""type"":""MultiPoint"",""coordinates"":[]}"
22_10,814.2329226199254,Sri Sathya Sai,0.2786940838741486,0.0,0.42617891345315695,-0.003415051715754139,2010.0,"{""type"":""MultiPoint"",""coordinates"":[]}"
22_11,556.3470175274891,Sri Sathya Sai,0.2598574782144039,0.0,0.4002008999093081,-0.03207341415898327,2011.0,"{""type"":""MultiPoint"",""coordinates"":[]}"
22_12,531.3525021193258,Sri Sathya Sai,0.22840817738848432,0.0,0.3559689879141888,-0.07557788035676123,2012.0,"{""type"":""MultiPoint"",""coordinates"":[]}"
22_13,567.4362424547508,Sri Sathya Sai,0.23002219411445624,0.0,0.3549276084928815,-0.04582354045832104,2013.0,"{""type"":""MultiPoint"",""coordinates"":[]}"
22_14,535.7789173186161,Sri Sathya Sai,0.22806710151745674,0.0,0.35230732809354953,-0.06667374040294538,2014.0,"{""type"":""MultiPoint"",""coordinates"":[]}"
22_15,630.4910805665305,Sri Sathya Sai,0.257596398504525,0.0,0.39128015906306596,-0.03957773303151252,2015.0,"{""type"":""MultiPoint"",""coordinates"":[]}"
22_16,345.46310363522315,Sri Sathya Sai,0.2457160182882523,0.0,0.3733028026789467,-0.043314414597704506,2016.0,"{""type"":""MultiPoint"",""coordinates"":[]}"
22_17,767.2830942459359,Sri Sathya Sai,0.24277388848929163,0.0,0.37454795115457873,-0.0584860318980177,2017.0,"{""type"":""MultiPoint"",""coordinates"":[]}"
22_18,370.9775323472376,Sri Sathya Sai,0.2367556527430113,0.0,0.35957985743901116,-0.05501692893419765,2018.0,"{""type"":""MultiPoint"",""coordinates"":[]}"
22_19,644.8874399574123,Sri Sathya Sai,0.24657192263014335,0.0,0.3756832138621065,-0.05370210052676686,2019.0,"{""type"":""MultiPoint"",""coordinates"":[]}"
22_20,718.3011666585934,Sri Sathya Sai,0.2866485223593841,0.0,0.439533778166497,-0.010998982653078635,2020.0,"{""type"":""MultiPoint"",""coordinates"":[]}"
22_21,861.1977632538916,Sri Sathya Sai,0.29740875866630967,0.0,0.4713325694834411,0.014019063029044885,2021.0,"{""type"":""MultiPoint"",""coordinates"":[]}"
22_22,720.321986489636,Sri Sathya Sai,0.2886964414819867,0.0,0.4767909374888112,0.014004560148566008,2022.0,"{""type"":""MultiPoint"",""coordinates"":[]}"
22_23,468.0315232008324,Sri Sathya Sai,0.26896658611650026,0.0,0.43584786385129565,-0.013277102539770057,2023.0,"{""type"":""MultiPoint"",""coordinates"":[]}"
22_24,717.6482797605634,Sri Sathya Sai,0.29334962760419814,0.0,0.4682617461494767,0.02624515795574117,2024.0,"{""type"":""MultiPoint"",""coordinates"":[]}"
23_0,1040.4301414631202,Tirupati,0.32040533479245964,0.0,0.5275017281814428,0.044631605176359376,2000.0,"{""type"":""MultiPoint"",""coordinates"":[]}"
23_1,991.1504586564915,Tirupati,0.3126651803649952,0.0,0.5209344490720392,0.05024487252730616,2001.0,"{""type"":""MultiPoint"",""coordinates"":[]}"
23_2,948.4461514451893,Tirupati,0.33201898692218773,0.0,0.5411153181605117,0.06450332160359434,2002.0,"{""type"":""MultiPoint"",""coordinates"":[]}"
23_3,744.7076803339422,Tirupati,0.32980891492865283,0.0,0.526587853983717,0.05732799751105855,2003.0,"{""type"":""MultiPoint"",""coordinates"":[]}"
23_4,982.5999817353663,Tirupati,0.32367291846752544,0.0,0.5367242763551648,0.05203698753428856,2004.0,"{""type"":""MultiPoint"",""coordinates"":[]}"
23_5,1383.0607719211157,Tirupati,0.32014662938122124,0.0,0.5250973302359694,0.04531568096980613,2005.0,"{""type"":""MultiPoint"",""coordinates"":[]}"
23_6,854.2902021987223,Tirupati,0.33397773502603856,0.0,0.5525478473973926,0.07651525257120848,2006.0,"{""type"":""MultiPoint"",""coordinates"":[]}"
23_7,1272.0239838390728,Tirupati,0.32546631127062364,0.0,0.5481866562846415,0.07533242840972305,2007.0,"{""type"":""MultiPoint"",""coordinates"":[]}"
23_8,1049.8858410246985,Tirupati,0.3367767336121234,0.0,0.5569132401900518,0.08334484654063559,2008.0,"{""type"":""MultiPoint"",""coordinates"":[]}"
23_9,793.4076115817016,Tirupati,0.32155025916492824,0.0,0.5224802420831393,0.05835949258268476,2009.0,"{""type"":""MultiPoint"",""coordinates"":[]}"
23_10,1423.7513301015774,Tirupati,0.36171544812867135,0.0,0.5893277357293675,0.11416712036074554,2010.0,"{""type"":""MultiPoint"",""coordinates"":[]}"
23_11,1117.000707151512,Tirupati,0.3566002744226012,0.0,0.5766661311393135,0.1071254263236285,2011.0,"{""type"":""MultiPoint"",""coordinates"":[]}"
23_12,1106.241925844731,Tirupati,0.3463751810388283,0.0,0.5666147135028493,0.09175309859988043,2012.0,"{""type"":""MultiPoint"",""coordinates"":[]}"
23_13,966.1775064899746,Tirupati,0.35592874930404544,0.0,0.5889712547457607,0.1056532882992401,2013.0,"{""type"":""MultiPoint"",""coordinates"":[]}"
23_14,792.8433206742545,Tirupati,0.337823855084538,0.0,0.5390805171636911,0.062224545057581473,2014.0,"{""type"":""MultiPoint"",""coordinates"":[]}"
23_15,1201.514537646127,Tirupati,0.33169146961011614,0.0,0.5487296834026892,0.06556666960357796,2015.0,"{""type"":""MultiPoint"",""coordinates"":[]}"
23_16,685.7513578261644,Tirupati,0.3370088433480395,0.0,0.5620643773235333,0.09195223770496776,2016.0,"{""type"":""MultiPoint"",""coordinates"":[]}"
23_17,1042.5718730565263,Tirupati,0.33541492574900966,0.0,0.5647575465931942,0.07576288587575293,2017.0,"{""type"":""MultiPoint"",""coordinates"":[]}"
23_18,741.6416463170765,Tirupati,0.34127204195100413,0.0,0.5600674683014735,0.08093118003379422,2018.0,"{""type"":""MultiPoint"",""coordinates"":[]}"
23_19,965.8139036637209,Tirupati,0.3350314561402562,0.0,0.5499108293527246,0.061085116611104974,2019.0,"{""type"":""MultiPoint"",""coordinates"":[]}"
23_20,1279.30535819197,Tirupati,0.3884932762548839,0.0,0.6212041585727268,0.11911180001848526,2020.0,"{""type"":""MultiPoint"",""coordinates"":[]}"
23_21,1271.1065020747421,Tirupati,0.38664980339720867,1.7355522084731704E-4,0.6273851555647512,0.1387288243297724,2021.0,"{""type"":""MultiPoint"",""coordinates"":[]}"
23_22,1308.946074372102,Tirupati,0.380092412602453,0.0,0.6285171292861574,0.14123967240020868,2022.0,"{""type"":""MultiPoint"",""coordinates"":[]}"
23_23,1020.1588950169551,Tirupati,0.3671169430971559,0.0,0.6128954378646239,0.1280467899777485,2023.0,"{""type"":""MultiPoint"",""coordinates"":[]}"
23_24,1222.5450337609325,Tirupati,0.3670247598929855,0.0,0.6159735127454313,0.13833809806636435,2024.0,"{""type"":""MultiPoint"",""coordinates"":[]}"
